source_seed_id,platform,source_title,handle,url,source_kind,source_scope_guess,priority,discovered_from,discovered_from_url,why_seeded,expected_value,known_risks,initial_status,monitoring_enabled,rights_policy,notes,profile_probe_enabled,comments_discovery_enabled,forward_repost_edge_enabled,seed_batch,source_profile_url,profile_probe_status
v2_001,telegram,Красивые места России,@viewrussia,https://t.me/viewrussia,travel_media,mixed,1,manual_seed,user_provided_seed_list,"визуальный канал о красивых местах России, локациях и координатах",strong visual recall for Russian place/travel posts,возможные права на пользовательские фото; media reuse только после rights check,seed_monitor_candidate,true,unknown,priority visual seed,true,false,true,v1_promoted,https://t.me/viewrussia,seed_candidate
v2_002,telegram,РГО,@rgo1845,https://t.me/rgo1845,official_project,mixed,1,manual_seed,user_provided_seed_list,"география, путешествия по России, сильный фотоархив, проектный источник",institutional geography/travel source with high-quality media,возможны новости/анонсы; media reuse требует rights check,seed_monitor_candidate,true,unknown,official/project source,true,false,true,v1_promoted,https://t.me/rgo1845,seed_candidate
v2_003,telegram,Путешествуем.РФ,@puteshestvuem_rf,https://t.me/puteshestvuem_rf,official_project,mixed,1,manual_seed,user_provided_seed_list,"главный канал о путешествиях по России, маршруты, места, карточки",routes and regional travel materials,"официально-проектный тон, возможны промо/анонсы",seed_monitor_candidate,true,unknown,watch ad/promotional tone,true,false,true,v1_promoted,https://t.me/puteshestvuem_rf,seed_candidate
v2_004,telegram,RUSSPASS,@russpassmag,https://t.me/russpassmag,travel_service,mixed,2,manual_seed,user_provided_seed_list,"путешествия по России, маршруты, туристические места",official/media route materials,промо/коммерческий контент; нужен ad_score,seed_candidate,false,unknown,candidate until ad_score evidence,true,false,true,v1_promoted,https://t.me/russpassmag,seed_candidate
v2_005,telegram,Туту,@tutu_travel,https://t.me/tutu_travel,travel_service,mixed,2,manual_seed,user_provided_seed_list,крупный travel channel с большим объёмом контента,large travel agenda source and graph seed,промо/сервисный контент; нужен ad_score и source_novelty_score,seed_candidate,false,unknown,candidate only,true,false,true,v1_promoted,https://t.me/tutu_travel,seed_candidate
v2_006,telegram,Вокруг Света,@vokrugsveta1861,https://t.me/vokrugsveta1861,travel_media,mixed,1,manual_seed,user_provided_seed_list,"travel/history/science media, сильный контент о местах и регионах",external travel/history view of regions,часть контента не travel; нужен semantic filter,seed_monitor_candidate,true,unknown,high-value media seed,true,false,true,v1_promoted,https://t.me/vokrugsveta1861,seed_candidate
v2_007,telegram,Моя Планета,@moya_planeta,https://t.me/moya_planeta,travel_media,mixed,2,manual_seed,user_provided_seed_list,крупный travel/media источник,large media source for travel/nature posts,высокая новостность/происшествия; нужен newsiness_score,seed_candidate,false,unknown,strict newsiness filter,true,false,true,v1_promoted,https://t.me/moya_planeta,seed_candidate
v2_008,telegram,Путешествия со смыслом / Алексей Жирухин,@bepowerback_travel,https://t.me/bepowerback_travel,author_channel,external,1,manual_seed,user_provided_seed_list,авторский блог о путешествиях по России и труднодоступных местах,authorial Russia travel perspective,может редко писать о Калининграде,seed_monitor_candidate,true,unknown,author/blogger layer,true,false,true,v1_promoted,https://t.me/bepowerback_travel,seed_candidate
v2_009,telegram,Своим Ходом — Виталик и Лиза,@svoimxodom,https://t.me/svoimxodom,author_channel,external,2,manual_seed,user_provided_seed_list,крупный авторский travel channel,authorial travel source and cross-platform identity,много международного контента; нужен region relevance filter,seed_candidate,false,unknown,candidate,true,false,true,v1_promoted,https://t.me/svoimxodom,seed_candidate
v2_010,telegram,Нежный Travel,@nejniy_travel,https://t.me/nejniy_travel,author_channel,external,1,manual_seed,user_provided_seed_list,авторский travel channel с маршрутами и сильными фото/видео,visual author travel source,много не-российского контента; нужен region relevance filter,seed_monitor_candidate,true,unknown,author/visual seed,true,false,true,v1_promoted,https://t.me/nejniy_travel,seed_candidate
v2_011,telegram,"Путешествия по России / паспорт, виза, два билета",@pasport_visa_tickets,https://t.me/pasport_visa_tickets,travel_media,mixed,2,manual_seed,user_provided_seed_list,travel channel с местами и локациями,Russia travel places and locations,заметная новостность/incident/travel news; строгий newsiness filter,seed_candidate,false,unknown,strict newsiness,true,false,true,v1_promoted,https://t.me/pasport_visa_tickets,seed_candidate
v2_012,telegram,Alexander Pilot,@dashapilotessa,https://t.me/dashapilotessa,author_channel,external,2,manual_seed,user_provided_seed_list,авторский travel channel с большим числом фото/видео,author travel visuals,много международного контента,seed_candidate,false,unknown,candidate,true,false,true,v1_promoted,https://t.me/dashapilotessa,seed_candidate
v2_013,telegram,Из Москвы на выходные,@izmoskvynavyhodnye,https://t.me/izmoskvynavyhodnye,route_project,external,2,manual_seed,user_provided_seed_list,"weekend-route формат, полезен для source discovery",weekend-route source discovery,география вокруг Москвы; Калининград может встречаться редко,seed_candidate,false,unknown,mostly discovery,true,false,true,v1_promoted,https://t.me/izmoskvynavyhodnye,seed_candidate
v2_014,telegram,Travelhacks,@travelhacks,https://t.me/travelhacks,travel_media,external,3,manual_seed,user_provided_seed_list,"travel/lifehack канал из каталогов, полезен для graph discovery",graph discovery / travel hacks,может быть мало сильных фото; скорее discovery source,seed_candidate,false,unknown,discovery source,true,false,true,v1_promoted,https://t.me/travelhacks,seed_candidate
v2_015,telegram,Зона комфорта,@russiamatters,https://t.me/russiamatters,travel_media,external,1,manual_seed,user_provided_seed_list,"канал о путешествиях по России, отелях, ресторанах и музеях",Russia travel/hotels/restaurants/museums,проверить фактическую визуальную силу,seed_monitor_candidate,true,unknown,monitor candidate,true,false,true,v1_promoted,https://t.me/russiamatters,seed_candidate
v2_016,telegram,Земля приключений,@travelerdv,https://t.me/travelerdv,official_project,mixed,2,manual_seed,user_provided_seed_list,"проект о путешествиях и конкурсах, полезен как graph/discovery hub",project/discovery hub,"фокус на Дальний Восток, Калининград может быть редким",seed_candidate,false,unknown,discovery hub,true,false,true,v1_promoted,https://t.me/travelerdv,seed_candidate
v2_017,telegram,ПОЕХАЛИ / Первый канал,@Poehali_1tv,https://t.me/Poehali_1tv,travel_media,mixed,3,manual_seed,user_provided_seed_list,travel TV/project source,TV travel source with possible visuals,"промо-анонсы, ТВ-формат, возможна низкая частота релевантных постов",seed_candidate,false,unknown,candidate,true,false,true,v1_promoted,https://t.me/Poehali_1tv,seed_candidate
v2_018,vkvideo,Интересные путешествия,@intravel39,https://vk.com/intravel39,travel_media,mixed,1,manual_seed,user_provided_seed_list,"VK Video travel channel, в подборке упоминался контент про Калининград",VK Video seed with known Kaliningrad mention,проверить доступность API/постов и права на media,seed_monitor_candidate,true,unknown,VK Video pilot,true,false,true,v1_promoted,https://vk.com/intravel39,seed_candidate
v2_019,vkvideo,Коте Оганезов,@koteoganezov,https://vk.com/koteoganezov,author_channel,external,2,manual_seed,user_provided_seed_list,"travel/food blogger format, потенциально полезен для гастрономии/маршрутов",travel/food source,не гарантирован Калининград; нужен relevance filter,seed_candidate,false,unknown,candidate,true,false,true,v1_promoted,https://vk.com/koteoganezov,seed_candidate
v2_020,vkvideo,Своим Ходом — Виталик и Лиза,@svoimxodom,https://vk.com/svoimxodom,author_channel,external,2,manual_seed,user_provided_seed_list,VK layer того же travel-блогерского проекта,cross-platform identity with Telegram source,связать с Telegram identity; проверить API access,seed_candidate,false,unknown,cross-platform identity,true,false,true,v1_promoted,https://vk.com/svoimxodom,seed_candidate
v2_021,vkvideo,Нежный Travel,@nejniy_travel,https://vk.com/nejniy_travel,author_channel,external,1,manual_seed,user_provided_seed_list,VK layer авторского travel-проекта,VK author travel source,проверить API access и media reuse,seed_monitor_candidate,true,unknown,VK monitor candidate,true,false,true,v1_promoted,https://vk.com/nejniy_travel,seed_candidate
v2_022,vkvideo,Путешествия со смыслом / Алексей Жирухин,@bepowerbacktravel,https://vk.com/bepowerbacktravel,author_channel,external,1,manual_seed,user_provided_seed_list,VK layer авторского проекта о России,VK author Russia travel source,проверить canonical mapping с Telegram @bepowerback_travel,seed_monitor_candidate,true,unknown,cross-platform mapping,true,false,true,v1_promoted,https://vk.com/bepowerbacktravel,seed_candidate
v2_023,vkvideo,РГО,@rgoclub,https://vk.com/rgoclub,official_project,mixed,1,manual_seed,user_provided_seed_list,официальный/проектный VK Video источник РГО,official VK Video source,media rights and official repost policy,seed_monitor_candidate,true,unknown,official VK layer,true,false,true,v1_promoted,https://vk.com/rgoclub,seed_candidate
v2_024,vkvideo,Моя Планета,@moyaplaneta,https://vk.com/moyaplaneta,travel_media,mixed,2,manual_seed,user_provided_seed_list,крупный travel/media source,VK media source,news/incident contamination; строгий newsiness filter,seed_candidate,false,unknown,strict newsiness,true,false,true,v1_promoted,https://vk.com/moyaplaneta,seed_candidate
v2_025,vkvideo,Лесные — жизнь в лесу,@lesnue_channel,https://vk.com/lesnue_channel,nature_project,external,3,manual_seed,user_provided_seed_list,"nature/outdoor source, полезен для visual discovery",nature/outdoor visual discovery,Калининград может не встречаться; скорее expansion seed,seed_candidate,false,unknown,expansion seed,true,false,true,v1_promoted,https://vk.com/lesnue_channel,seed_candidate
v2_026,web,Telega.in travel/tourism catalog,,https://telega.in/catalog/travel,catalog,unknown,1,catalog_seed,user_provided_seed_list,каталог travel/tourism Telegram channels with descriptions/subscribers/ERR,primary Telegram catalog discovery,catalog data may be stale; do not auto-monitor every entry,seed_monitor_candidate,false,link_only,catalog discovery only,true,false,true,v1_promoted,https://telega.in/catalog/travel,seed_candidate
v2_027,web,TLGRM travel category,,https://tlgrm.ru/channels/travel,catalog,unknown,1,catalog_seed,user_provided_seed_list,дополнительный каталог Telegram travel channels,cross-check Telegram sources,catalog data may be stale,seed_monitor_candidate,false,link_only,catalog discovery only,true,false,true,v1_promoted,https://tlgrm.ru/channels/travel,seed_candidate
v2_028,web,TGStat travel category,,https://tgstat.ru/ratings/channels/travel,catalog,unknown,1,catalog_seed,user_provided_seed_list,дополнительный источник discovery/cross-check,cross-check handles and source metadata,catalog access/rate limits; data may be stale,seed_monitor_candidate,false,link_only,catalog discovery only,true,false,true,v1_promoted,https://tgstat.ru/ratings/channels/travel,seed_candidate
v2_029,web,VK Video travel channel selections,,https://vk.com/video,catalog,unknown,1,catalog_seed,user_provided_seed_list,стартовый источник VK Video travel handles,VK Video source discovery,manual extraction may be needed; API availability unknown,seed_monitor_candidate,false,link_only,catalog discovery only,true,false,true,v1_promoted,https://vk.com/video,seed_candidate
v2_030,vk,VK Места,,https://vk.com/places,discovery_hub,mixed,2,manual_seed,user_provided_seed_list,"travel hub with routes/places/media-expedition materials, useful for discovery",VK travel hub and regional route discovery,not necessarily a direct post parsing source,seed_candidate,false,unknown,discovery hub only,true,false,true,v1_promoted,https://vk.com/places,seed_candidate
v2_031,telegram,Telegram travel discovery candidate 001,,https://tgstat.ru/search?query=travel+%D0%9A%D0%B0%D0%BB%D0%B8%D0%BD%D0%B8%D0%BD%D0%B3%D1%80%D0%B0%D0%B4,catalog,mixed,3,catalog_seed,https://tgstat.ru/,seed v2 discovery lane for Telegram travel sources; profile probe required before monitoring,source graph expansion; not auto-monitored,catalog/search placeholder; requires profile probe and manual acceptance,seed_candidate,false,unknown,v2 disabled seed; do not monitor until probed,true,false,true,telegram_catalog_expansion,,seed_candidate
v2_032,telegram,Telegram route discovery candidate 002,,https://tgstat.ru/search?query=route+%D0%9A%D0%B0%D0%BB%D0%B8%D0%BD%D0%B8%D0%BD%D0%B3%D1%80%D0%B0%D0%B4,travel_media,mixed,3,catalog_seed,https://tgstat.ru/,seed v2 discovery lane for Telegram route sources; profile probe required before monitoring,source graph expansion; not auto-monitored,catalog/search placeholder; requires profile probe and manual acceptance,seed_candidate,false,unknown,v2 disabled seed; do not monitor until probed,true,false,true,telegram_catalog_expansion,,seed_candidate
v2_033,telegram,Telegram photo discovery candidate 003,,https://tgstat.ru/search?query=photo+%D0%9A%D0%B0%D0%BB%D0%B8%D0%BD%D0%B8%D0%BD%D0%B3%D1%80%D0%B0%D0%B4,travel_media,mixed,3,catalog_seed,https://tgstat.ru/,seed v2 discovery lane for Telegram photo sources; profile probe required before monitoring,source graph expansion; not auto-monitored,catalog/search placeholder; requires profile probe and manual acceptance,seed_candidate,false,unknown,v2 disabled seed; do not monitor until probed,true,false,true,telegram_catalog_expansion,,seed_candidate
v2_034,telegram,Telegram russia_travel discovery candidate 004,,https://tgstat.ru/search?query=russia_travel+%D0%9A%D0%B0%D0%BB%D0%B8%D0%BD%D0%B8%D0%BD%D0%B3%D1%80%D0%B0%D0%B4,travel_media,mixed,3,catalog_seed,https://tgstat.ru/,seed v2 discovery lane for Telegram russia_travel sources; profile probe required before monitoring,source graph expansion; not auto-monitored,catalog/search placeholder; requires profile probe and manual acceptance,seed_candidate,false,unknown,v2 disabled seed; do not monitor until probed,true,false,true,telegram_catalog_expansion,,seed_candidate
v2_035,telegram,Telegram author discovery candidate 005,,https://tgstat.ru/search?query=author+%D0%9A%D0%B0%D0%BB%D0%B8%D0%BD%D0%B8%D0%BD%D0%B3%D1%80%D0%B0%D0%B4,author_channel,mixed,3,catalog_seed,https://tgstat.ru/,seed v2 discovery lane for Telegram author sources; profile probe required before monitoring,source graph expansion; not auto-monitored,catalog/search placeholder; requires profile probe and manual acceptance,seed_candidate,false,unknown,v2 disabled seed; do not monitor until probed,true,false,true,telegram_catalog_expansion,,seed_candidate
v2_036,telegram,Telegram nature discovery candidate 006,,https://tgstat.ru/search?query=nature+%D0%9A%D0%B0%D0%BB%D0%B8%D0%BD%D0%B8%D0%BD%D0%B3%D1%80%D0%B0%D0%B4,catalog,mixed,3,catalog_seed,https://tgstat.ru/,seed v2 discovery lane for Telegram nature sources; profile probe required before monitoring,source graph expansion; not auto-monitored,catalog/search placeholder; requires profile probe and manual acceptance,seed_candidate,false,unknown,v2 disabled seed; do not monitor until probed,true,false,true,telegram_catalog_expansion,,seed_candidate
v2_037,telegram,Telegram architecture discovery candidate 007,,https://tgstat.ru/search?query=architecture+%D0%9A%D0%B0%D0%BB%D0%B8%D0%BD%D0%B8%D0%BD%D0%B3%D1%80%D0%B0%D0%B4,travel_media,mixed,3,catalog_seed,https://tgstat.ru/,seed v2 discovery lane for Telegram architecture sources; profile probe required before monitoring,source graph expansion; not auto-monitored,catalog/search placeholder; requires profile probe and manual acceptance,seed_candidate,false,unknown,v2 disabled seed; do not monitor until probed,true,false,true,telegram_catalog_expansion,,seed_candidate
v2_038,telegram,Telegram history discovery candidate 008,,https://tgstat.ru/search?query=history+%D0%9A%D0%B0%D0%BB%D0%B8%D0%BD%D0%B8%D0%BD%D0%B3%D1%80%D0%B0%D0%B4,travel_media,mixed,3,catalog_seed,https://tgstat.ru/,seed v2 discovery lane for Telegram history sources; profile probe required before monitoring,source graph expansion; not auto-monitored,catalog/search placeholder; requires profile probe and manual acceptance,seed_candidate,false,unknown,v2 disabled seed; do not monitor until probed,true,false,true,telegram_catalog_expansion,,seed_candidate
v2_039,telegram,Telegram weekend discovery candidate 009,,https://tgstat.ru/search?query=weekend+%D0%9A%D0%B0%D0%BB%D0%B8%D0%BD%D0%B8%D0%BD%D0%B3%D1%80%D0%B0%D0%B4,travel_media,mixed,3,catalog_seed,https://tgstat.ru/,seed v2 discovery lane for Telegram weekend sources; profile probe required before monitoring,source graph expansion; not auto-monitored,catalog/search placeholder; requires profile probe and manual acceptance,seed_candidate,false,unknown,v2 disabled seed; do not monitor until probed,true,false,true,telegram_catalog_expansion,,seed_candidate
v2_040,telegram,Telegram roadtrip discovery candidate 010,,https://tgstat.ru/search?query=roadtrip+%D0%9A%D0%B0%D0%BB%D0%B8%D0%BD%D0%B8%D0%BD%D0%B3%D1%80%D0%B0%D0%B4,travel_media,mixed,3,catalog_seed,https://tgstat.ru/,seed v2 discovery lane for Telegram roadtrip sources; profile probe required before monitoring,source graph expansion; not auto-monitored,catalog/search placeholder; requires profile probe and manual acceptance,seed_candidate,false,unknown,v2 disabled seed; do not monitor until probed,true,false,true,telegram_catalog_expansion,,seed_candidate
v2_041,telegram,Telegram local_story discovery candidate 011,,https://tgstat.ru/search?query=local_story+%D0%9A%D0%B0%D0%BB%D0%B8%D0%BD%D0%B8%D0%BD%D0%B3%D1%80%D0%B0%D0%B4,catalog,mixed,3,catalog_seed,https://tgstat.ru/,seed v2 discovery lane for Telegram local_story sources; profile probe required before monitoring,source graph expansion; not auto-monitored,catalog/search placeholder; requires profile probe and manual acceptance,seed_candidate,false,unknown,v2 disabled seed; do not monitor until probed,true,false,true,telegram_catalog_expansion,,seed_candidate
v2_042,telegram,Telegram outdoor discovery candidate 012,,https://tgstat.ru/search?query=outdoor+%D0%9A%D0%B0%D0%BB%D0%B8%D0%BD%D0%B8%D0%BD%D0%B3%D1%80%D0%B0%D0%B4,travel_media,mixed,3,catalog_seed,https://tgstat.ru/,seed v2 discovery lane for Telegram outdoor sources; profile probe required before monitoring,source graph expansion; not auto-monitored,catalog/search placeholder; requires profile probe and manual acceptance,seed_candidate,false,unknown,v2 disabled seed; do not monitor until probed,true,false,true,telegram_catalog_expansion,,seed_candidate
v2_043,telegram,Telegram coast discovery candidate 013,,https://tgstat.ru/search?query=coast+%D0%9A%D0%B0%D0%BB%D0%B8%D0%BD%D0%B8%D0%BD%D0%B3%D1%80%D0%B0%D0%B4,travel_media,mixed,3,catalog_seed,https://tgstat.ru/,seed v2 discovery lane for Telegram coast sources; profile probe required before monitoring,source graph expansion; not auto-monitored,catalog/search placeholder; requires profile probe and manual acceptance,seed_candidate,false,unknown,v2 disabled seed; do not monitor until probed,true,false,true,telegram_catalog_expansion,,seed_candidate
v2_044,telegram,Telegram museum discovery candidate 014,,https://tgstat.ru/search?query=museum+%D0%9A%D0%B0%D0%BB%D0%B8%D0%BD%D0%B8%D0%BD%D0%B3%D1%80%D0%B0%D0%B4,travel_media,mixed,3,catalog_seed,https://tgstat.ru/,seed v2 discovery lane for Telegram museum sources; profile probe required before monitoring,source graph expansion; not auto-monitored,catalog/search placeholder; requires profile probe and manual acceptance,seed_candidate,false,unknown,v2 disabled seed; do not monitor until probed,true,false,true,telegram_catalog_expansion,,seed_candidate
v2_045,telegram,Telegram heritage discovery candidate 015,,https://tgstat.ru/search?query=heritage+%D0%9A%D0%B0%D0%BB%D0%B8%D0%BD%D0%B8%D0%BD%D0%B3%D1%80%D0%B0%D0%B4,travel_media,mixed,3,catalog_seed,https://tgstat.ru/,seed v2 discovery lane for Telegram heritage sources; profile probe required before monitoring,source graph expansion; not auto-monitored,catalog/search placeholder; requires profile probe and manual acceptance,seed_candidate,false,unknown,v2 disabled seed; do not monitor until probed,true,false,true,telegram_catalog_expansion,,seed_candidate
v2_046,telegram,Telegram travel discovery candidate 016,,https://tgstat.ru/search?query=travel+%D0%9A%D0%B0%D0%BB%D0%B8%D0%BD%D0%B8%D0%BD%D0%B3%D1%80%D0%B0%D0%B4,catalog,mixed,3,catalog_seed,https://tgstat.ru/,seed v2 discovery lane for Telegram travel sources; profile probe required before monitoring,source graph expansion; not auto-monitored,catalog/search placeholder; requires profile probe and manual acceptance,seed_candidate,false,unknown,v2 disabled seed; do not monitor until probed,true,false,true,telegram_catalog_expansion,,seed_candidate
v2_047,telegram,Telegram route discovery candidate 017,,https://tgstat.ru/search?query=route+%D0%9A%D0%B0%D0%BB%D0%B8%D0%BD%D0%B8%D0%BD%D0%B3%D1%80%D0%B0%D0%B4,travel_media,mixed,3,catalog_seed,https://tgstat.ru/,seed v2 discovery lane for Telegram route sources; profile probe required before monitoring,source graph expansion; not auto-monitored,catalog/search placeholder; requires profile probe and manual acceptance,seed_candidate,false,unknown,v2 disabled seed; do not monitor until probed,true,false,true,telegram_catalog_expansion,,seed_candidate
v2_048,telegram,Telegram photo discovery candidate 018,,https://tgstat.ru/search?query=photo+%D0%9A%D0%B0%D0%BB%D0%B8%D0%BD%D0%B8%D0%BD%D0%B3%D1%80%D0%B0%D0%B4,travel_media,mixed,3,catalog_seed,https://tgstat.ru/,seed v2 discovery lane for Telegram photo sources; profile probe required before monitoring,source graph expansion; not auto-monitored,catalog/search placeholder; requires profile probe and manual acceptance,seed_candidate,false,unknown,v2 disabled seed; do not monitor until probed,true,false,true,telegram_catalog_expansion,,seed_candidate
v2_049,telegram,Telegram russia_travel discovery candidate 019,,https://tgstat.ru/search?query=russia_travel+%D0%9A%D0%B0%D0%BB%D0%B8%D0%BD%D0%B8%D0%BD%D0%B3%D1%80%D0%B0%D0%B4,travel_media,mixed,3,catalog_seed,https://tgstat.ru/,seed v2 discovery lane for Telegram russia_travel sources; profile probe required before monitoring,source graph expansion; not auto-monitored,catalog/search placeholder; requires profile probe and manual acceptance,seed_candidate,false,unknown,v2 disabled seed; do not monitor until probed,true,false,true,telegram_catalog_expansion,,seed_candidate
v2_050,telegram,Telegram author discovery candidate 020,,https://tgstat.ru/search?query=author+%D0%9A%D0%B0%D0%BB%D0%B8%D0%BD%D0%B8%D0%BD%D0%B3%D1%80%D0%B0%D0%B4,author_channel,mixed,3,catalog_seed,https://tgstat.ru/,seed v2 discovery lane for Telegram author sources; profile probe required before monitoring,source graph expansion; not auto-monitored,catalog/search placeholder; requires profile probe and manual acceptance,seed_candidate,false,unknown,v2 disabled seed; do not monitor until probed,true,false,true,telegram_catalog_expansion,,seed_candidate
v2_051,telegram,Telegram nature discovery candidate 021,,https://tgstat.ru/search?query=nature+%D0%9A%D0%B0%D0%BB%D0%B8%D0%BD%D0%B8%D0%BD%D0%B3%D1%80%D0%B0%D0%B4,catalog,mixed,3,catalog_seed,https://tgstat.ru/,seed v2 discovery lane for Telegram nature sources; profile probe required before monitoring,source graph expansion; not auto-monitored,catalog/search placeholder; requires profile probe and manual acceptance,seed_candidate,false,unknown,v2 disabled seed; do not monitor until probed,true,false,true,telegram_catalog_expansion,,seed_candidate
v2_052,telegram,Telegram architecture discovery candidate 022,,https://tgstat.ru/search?query=architecture+%D0%9A%D0%B0%D0%BB%D0%B8%D0%BD%D0%B8%D0%BD%D0%B3%D1%80%D0%B0%D0%B4,travel_media,mixed,3,catalog_seed,https://tgstat.ru/,seed v2 discovery lane for Telegram architecture sources; profile probe required before monitoring,source graph expansion; not auto-monitored,catalog/search placeholder; requires profile probe and manual acceptance,seed_candidate,false,unknown,v2 disabled seed; do not monitor until probed,true,false,true,telegram_catalog_expansion,,seed_candidate
v2_053,telegram,Telegram history discovery candidate 023,,https://tgstat.ru/search?query=history+%D0%9A%D0%B0%D0%BB%D0%B8%D0%BD%D0%B8%D0%BD%D0%B3%D1%80%D0%B0%D0%B4,travel_media,mixed,3,catalog_seed,https://tgstat.ru/,seed v2 discovery lane for Telegram history sources; profile probe required before monitoring,source graph expansion; not auto-monitored,catalog/search placeholder; requires profile probe and manual acceptance,seed_candidate,false,unknown,v2 disabled seed; do not monitor until probed,true,false,true,telegram_catalog_expansion,,seed_candidate
v2_054,telegram,Telegram weekend discovery candidate 024,,https://tgstat.ru/search?query=weekend+%D0%9A%D0%B0%D0%BB%D0%B8%D0%BD%D0%B8%D0%BD%D0%B3%D1%80%D0%B0%D0%B4,travel_media,mixed,3,catalog_seed,https://tgstat.ru/,seed v2 discovery lane for Telegram weekend sources; profile probe required before monitoring,source graph expansion; not auto-monitored,catalog/search placeholder; requires profile probe and manual acceptance,seed_candidate,false,unknown,v2 disabled seed; do not monitor until probed,true,false,true,telegram_catalog_expansion,,seed_candidate
v2_055,telegram,Telegram roadtrip discovery candidate 025,,https://tgstat.ru/search?query=roadtrip+%D0%9A%D0%B0%D0%BB%D0%B8%D0%BD%D0%B8%D0%BD%D0%B3%D1%80%D0%B0%D0%B4,travel_media,mixed,3,catalog_seed,https://tgstat.ru/,seed v2 discovery lane for Telegram roadtrip sources; profile probe required before monitoring,source graph expansion; not auto-monitored,catalog/search placeholder; requires profile probe and manual acceptance,seed_candidate,false,unknown,v2 disabled seed; do not monitor until probed,true,false,true,telegram_catalog_expansion,,seed_candidate
v2_056,telegram,Telegram local_story discovery candidate 026,,https://tgstat.ru/search?query=local_story+%D0%9A%D0%B0%D0%BB%D0%B8%D0%BD%D0%B8%D0%BD%D0%B3%D1%80%D0%B0%D0%B4,catalog,mixed,3,catalog_seed,https://tgstat.ru/,seed v2 discovery lane for Telegram local_story sources; profile probe required before monitoring,source graph expansion; not auto-monitored,catalog/search placeholder; requires profile probe and manual acceptance,seed_candidate,false,unknown,v2 disabled seed; do not monitor until probed,true,false,true,telegram_catalog_expansion,,seed_candidate
v2_057,telegram,Telegram outdoor discovery candidate 027,,https://tgstat.ru/search?query=outdoor+%D0%9A%D0%B0%D0%BB%D0%B8%D0%BD%D0%B8%D0%BD%D0%B3%D1%80%D0%B0%D0%B4,travel_media,mixed,3,catalog_seed,https://tgstat.ru/,seed v2 discovery lane for Telegram outdoor sources; profile probe required before monitoring,source graph expansion; not auto-monitored,catalog/search placeholder; requires profile probe and manual acceptance,seed_candidate,false,unknown,v2 disabled seed; do not monitor until probed,true,false,true,telegram_catalog_expansion,,seed_candidate
v2_058,telegram,Telegram coast discovery candidate 028,,https://tgstat.ru/search?query=coast+%D0%9A%D0%B0%D0%BB%D0%B8%D0%BD%D0%B8%D0%BD%D0%B3%D1%80%D0%B0%D0%B4,travel_media,mixed,3,catalog_seed,https://tgstat.ru/,seed v2 discovery lane for Telegram coast sources; profile probe required before monitoring,source graph expansion; not auto-monitored,catalog/search placeholder; requires profile probe and manual acceptance,seed_candidate,false,unknown,v2 disabled seed; do not monitor until probed,true,false,true,telegram_catalog_expansion,,seed_candidate
v2_059,telegram,Telegram museum discovery candidate 029,,https://tgstat.ru/search?query=museum+%D0%9A%D0%B0%D0%BB%D0%B8%D0%BD%D0%B8%D0%BD%D0%B3%D1%80%D0%B0%D0%B4,travel_media,mixed,3,catalog_seed,https://tgstat.ru/,seed v2 discovery lane for Telegram museum sources; profile probe required before monitoring,source graph expansion; not auto-monitored,catalog/search placeholder; requires profile probe and manual acceptance,seed_candidate,false,unknown,v2 disabled seed; do not monitor until probed,true,false,true,telegram_catalog_expansion,,seed_candidate
v2_060,telegram,Telegram heritage discovery candidate 030,,https://tgstat.ru/search?query=heritage+%D0%9A%D0%B0%D0%BB%D0%B8%D0%BD%D0%B8%D0%BD%D0%B3%D1%80%D0%B0%D0%B4,travel_media,mixed,3,catalog_seed,https://tgstat.ru/,seed v2 discovery lane for Telegram heritage sources; profile probe required before monitoring,source graph expansion; not auto-monitored,catalog/search placeholder; requires profile probe and manual acceptance,seed_candidate,false,unknown,v2 disabled seed; do not monitor until probed,true,false,true,telegram_catalog_expansion,,seed_candidate
v2_061,telegram,Telegram travel discovery candidate 031,,https://tgstat.ru/search?query=travel+%D0%9A%D0%B0%D0%BB%D0%B8%D0%BD%D0%B8%D0%BD%D0%B3%D1%80%D0%B0%D0%B4,catalog,mixed,3,catalog_seed,https://tgstat.ru/,seed v2 discovery lane for Telegram travel sources; profile probe required before monitoring,source graph expansion; not auto-monitored,catalog/search placeholder; requires profile probe and manual acceptance,seed_candidate,false,unknown,v2 disabled seed; do not monitor until probed,true,false,true,telegram_catalog_expansion,,seed_candidate
v2_062,telegram,Telegram route discovery candidate 032,,https://tgstat.ru/search?query=route+%D0%9A%D0%B0%D0%BB%D0%B8%D0%BD%D0%B8%D0%BD%D0%B3%D1%80%D0%B0%D0%B4,travel_media,mixed,3,catalog_seed,https://tgstat.ru/,seed v2 discovery lane for Telegram route sources; profile probe required before monitoring,source graph expansion; not auto-monitored,catalog/search placeholder; requires profile probe and manual acceptance,seed_candidate,false,unknown,v2 disabled seed; do not monitor until probed,true,false,true,telegram_catalog_expansion,,seed_candidate
v2_063,telegram,Telegram photo discovery candidate 033,,https://tgstat.ru/search?query=photo+%D0%9A%D0%B0%D0%BB%D0%B8%D0%BD%D0%B8%D0%BD%D0%B3%D1%80%D0%B0%D0%B4,travel_media,mixed,3,catalog_seed,https://tgstat.ru/,seed v2 discovery lane for Telegram photo sources; profile probe required before monitoring,source graph expansion; not auto-monitored,catalog/search placeholder; requires profile probe and manual acceptance,seed_candidate,false,unknown,v2 disabled seed; do not monitor until probed,true,false,true,telegram_catalog_expansion,,seed_candidate
v2_064,telegram,Telegram russia_travel discovery candidate 034,,https://tgstat.ru/search?query=russia_travel+%D0%9A%D0%B0%D0%BB%D0%B8%D0%BD%D0%B8%D0%BD%D0%B3%D1%80%D0%B0%D0%B4,travel_media,mixed,3,catalog_seed,https://tgstat.ru/,seed v2 discovery lane for Telegram russia_travel sources; profile probe required before monitoring,source graph expansion; not auto-monitored,catalog/search placeholder; requires profile probe and manual acceptance,seed_candidate,false,unknown,v2 disabled seed; do not monitor until probed,true,false,true,telegram_catalog_expansion,,seed_candidate
v2_065,telegram,Telegram author discovery candidate 035,,https://tgstat.ru/search?query=author+%D0%9A%D0%B0%D0%BB%D0%B8%D0%BD%D0%B8%D0%BD%D0%B3%D1%80%D0%B0%D0%B4,author_channel,mixed,3,catalog_seed,https://tgstat.ru/,seed v2 discovery lane for Telegram author sources; profile probe required before monitoring,source graph expansion; not auto-monitored,catalog/search placeholder; requires profile probe and manual acceptance,seed_candidate,false,unknown,v2 disabled seed; do not monitor until probed,true,false,true,telegram_catalog_expansion,,seed_candidate
v2_066,telegram,Telegram nature discovery candidate 036,,https://tgstat.ru/search?query=nature+%D0%9A%D0%B0%D0%BB%D0%B8%D0%BD%D0%B8%D0%BD%D0%B3%D1%80%D0%B0%D0%B4,catalog,mixed,3,catalog_seed,https://tgstat.ru/,seed v2 discovery lane for Telegram nature sources; profile probe required before monitoring,source graph expansion; not auto-monitored,catalog/search placeholder; requires profile probe and manual acceptance,seed_candidate,false,unknown,v2 disabled seed; do not monitor until probed,true,false,true,telegram_catalog_expansion,,seed_candidate
v2_067,telegram,Telegram architecture discovery candidate 037,,https://tgstat.ru/search?query=architecture+%D0%9A%D0%B0%D0%BB%D0%B8%D0%BD%D0%B8%D0%BD%D0%B3%D1%80%D0%B0%D0%B4,travel_media,mixed,3,catalog_seed,https://tgstat.ru/,seed v2 discovery lane for Telegram architecture sources; profile probe required before monitoring,source graph expansion; not auto-monitored,catalog/search placeholder; requires profile probe and manual acceptance,seed_candidate,false,unknown,v2 disabled seed; do not monitor until probed,true,false,true,telegram_catalog_expansion,,seed_candidate
v2_068,telegram,Telegram history discovery candidate 038,,https://tgstat.ru/search?query=history+%D0%9A%D0%B0%D0%BB%D0%B8%D0%BD%D0%B8%D0%BD%D0%B3%D1%80%D0%B0%D0%B4,travel_media,mixed,3,catalog_seed,https://tgstat.ru/,seed v2 discovery lane for Telegram history sources; profile probe required before monitoring,source graph expansion; not auto-monitored,catalog/search placeholder; requires profile probe and manual acceptance,seed_candidate,false,unknown,v2 disabled seed; do not monitor until probed,true,false,true,telegram_catalog_expansion,,seed_candidate
v2_069,telegram,Telegram weekend discovery candidate 039,,https://tgstat.ru/search?query=weekend+%D0%9A%D0%B0%D0%BB%D0%B8%D0%BD%D0%B8%D0%BD%D0%B3%D1%80%D0%B0%D0%B4,travel_media,mixed,3,catalog_seed,https://tgstat.ru/,seed v2 discovery lane for Telegram weekend sources; profile probe required before monitoring,source graph expansion; not auto-monitored,catalog/search placeholder; requires profile probe and manual acceptance,seed_candidate,false,unknown,v2 disabled seed; do not monitor until probed,true,false,true,telegram_catalog_expansion,,seed_candidate
v2_070,telegram,Telegram roadtrip discovery candidate 040,,https://tgstat.ru/search?query=roadtrip+%D0%9A%D0%B0%D0%BB%D0%B8%D0%BD%D0%B8%D0%BD%D0%B3%D1%80%D0%B0%D0%B4,travel_media,mixed,3,catalog_seed,https://tgstat.ru/,seed v2 discovery lane for Telegram roadtrip sources; profile probe required before monitoring,source graph expansion; not auto-monitored,catalog/search placeholder; requires profile probe and manual acceptance,seed_candidate,false,unknown,v2 disabled seed; do not monitor until probed,true,false,true,telegram_catalog_expansion,,seed_candidate
v2_071,telegram,Telegram local_story discovery candidate 041,,https://tgstat.ru/search?query=local_story+%D0%9A%D0%B0%D0%BB%D0%B8%D0%BD%D0%B8%D0%BD%D0%B3%D1%80%D0%B0%D0%B4,catalog,mixed,3,catalog_seed,https://tgstat.ru/,seed v2 discovery lane for Telegram local_story sources; profile probe required before monitoring,source graph expansion; not auto-monitored,catalog/search placeholder; requires profile probe and manual acceptance,seed_candidate,false,unknown,v2 disabled seed; do not monitor until probed,true,false,true,telegram_catalog_expansion,,seed_candidate
v2_072,telegram,Telegram outdoor discovery candidate 042,,https://tgstat.ru/search?query=outdoor+%D0%9A%D0%B0%D0%BB%D0%B8%D0%BD%D0%B8%D0%BD%D0%B3%D1%80%D0%B0%D0%B4,travel_media,mixed,3,catalog_seed,https://tgstat.ru/,seed v2 discovery lane for Telegram outdoor sources; profile probe required before monitoring,source graph expansion; not auto-monitored,catalog/search placeholder; requires profile probe and manual acceptance,seed_candidate,false,unknown,v2 disabled seed; do not monitor until probed,true,false,true,telegram_catalog_expansion,,seed_candidate
v2_073,telegram,Telegram coast discovery candidate 043,,https://tgstat.ru/search?query=coast+%D0%9A%D0%B0%D0%BB%D0%B8%D0%BD%D0%B8%D0%BD%D0%B3%D1%80%D0%B0%D0%B4,travel_media,mixed,3,catalog_seed,https://tgstat.ru/,seed v2 discovery lane for Telegram coast sources; profile probe required before monitoring,source graph expansion; not auto-monitored,catalog/search placeholder; requires profile probe and manual acceptance,seed_candidate,false,unknown,v2 disabled seed; do not monitor until probed,true,false,true,telegram_catalog_expansion,,seed_candidate
v2_074,telegram,Telegram museum discovery candidate 044,,https://tgstat.ru/search?query=museum+%D0%9A%D0%B0%D0%BB%D0%B8%D0%BD%D0%B8%D0%BD%D0%B3%D1%80%D0%B0%D0%B4,travel_media,mixed,3,catalog_seed,https://tgstat.ru/,seed v2 discovery lane for Telegram museum sources; profile probe required before monitoring,source graph expansion; not auto-monitored,catalog/search placeholder; requires profile probe and manual acceptance,seed_candidate,false,unknown,v2 disabled seed; do not monitor until probed,true,false,true,telegram_catalog_expansion,,seed_candidate
v2_075,telegram,Telegram heritage discovery candidate 045,,https://tgstat.ru/search?query=heritage+%D0%9A%D0%B0%D0%BB%D0%B8%D0%BD%D0%B8%D0%BD%D0%B3%D1%80%D0%B0%D0%B4,travel_media,mixed,3,catalog_seed,https://tgstat.ru/,seed v2 discovery lane for Telegram heritage sources; profile probe required before monitoring,source graph expansion; not auto-monitored,catalog/search placeholder; requires profile probe and manual acceptance,seed_candidate,false,unknown,v2 disabled seed; do not monitor until probed,true,false,true,telegram_catalog_expansion,,seed_candidate
v2_076,telegram,Telegram travel discovery candidate 046,,https://tgstat.ru/search?query=travel+%D0%9A%D0%B0%D0%BB%D0%B8%D0%BD%D0%B8%D0%BD%D0%B3%D1%80%D0%B0%D0%B4,catalog,mixed,3,catalog_seed,https://tgstat.ru/,seed v2 discovery lane for Telegram travel sources; profile probe required before monitoring,source graph expansion; not auto-monitored,catalog/search placeholder; requires profile probe and manual acceptance,seed_candidate,false,unknown,v2 disabled seed; do not monitor until probed,true,false,true,telegram_catalog_expansion,,seed_candidate
v2_077,telegram,Telegram route discovery candidate 047,,https://tgstat.ru/search?query=route+%D0%9A%D0%B0%D0%BB%D0%B8%D0%BD%D0%B8%D0%BD%D0%B3%D1%80%D0%B0%D0%B4,travel_media,mixed,3,catalog_seed,https://tgstat.ru/,seed v2 discovery lane for Telegram route sources; profile probe required before monitoring,source graph expansion; not auto-monitored,catalog/search placeholder; requires profile probe and manual acceptance,seed_candidate,false,unknown,v2 disabled seed; do not monitor until probed,true,false,true,telegram_catalog_expansion,,seed_candidate
v2_078,telegram,Telegram photo discovery candidate 048,,https://tgstat.ru/search?query=photo+%D0%9A%D0%B0%D0%BB%D0%B8%D0%BD%D0%B8%D0%BD%D0%B3%D1%80%D0%B0%D0%B4,travel_media,mixed,3,catalog_seed,https://tgstat.ru/,seed v2 discovery lane for Telegram photo sources; profile probe required before monitoring,source graph expansion; not auto-monitored,catalog/search placeholder; requires profile probe and manual acceptance,seed_candidate,false,unknown,v2 disabled seed; do not monitor until probed,true,false,true,telegram_catalog_expansion,,seed_candidate
v2_079,telegram,Telegram russia_travel discovery candidate 049,,https://tgstat.ru/search?query=russia_travel+%D0%9A%D0%B0%D0%BB%D0%B8%D0%BD%D0%B8%D0%BD%D0%B3%D1%80%D0%B0%D0%B4,travel_media,mixed,3,catalog_seed,https://tgstat.ru/,seed v2 discovery lane for Telegram russia_travel sources; profile probe required before monitoring,source graph expansion; not auto-monitored,catalog/search placeholder; requires profile probe and manual acceptance,seed_candidate,false,unknown,v2 disabled seed; do not monitor until probed,true,false,true,telegram_catalog_expansion,,seed_candidate
v2_080,telegram,Telegram author discovery candidate 050,,https://tgstat.ru/search?query=author+%D0%9A%D0%B0%D0%BB%D0%B8%D0%BD%D0%B8%D0%BD%D0%B3%D1%80%D0%B0%D0%B4,author_channel,mixed,3,catalog_seed,https://tgstat.ru/,seed v2 discovery lane for Telegram author sources; profile probe required before monitoring,source graph expansion; not auto-monitored,catalog/search placeholder; requires profile probe and manual acceptance,seed_candidate,false,unknown,v2 disabled seed; do not monitor until probed,true,false,true,telegram_catalog_expansion,,seed_candidate
v2_081,telegram,Telegram nature discovery candidate 051,,https://tgstat.ru/search?query=nature+%D0%9A%D0%B0%D0%BB%D0%B8%D0%BD%D0%B8%D0%BD%D0%B3%D1%80%D0%B0%D0%B4,catalog,mixed,3,catalog_seed,https://tgstat.ru/,seed v2 discovery lane for Telegram nature sources; profile probe required before monitoring,source graph expansion; not auto-monitored,catalog/search placeholder; requires profile probe and manual acceptance,seed_candidate,false,unknown,v2 disabled seed; do not monitor until probed,true,false,true,telegram_catalog_expansion,,seed_candidate
v2_082,telegram,Telegram architecture discovery candidate 052,,https://tgstat.ru/search?query=architecture+%D0%9A%D0%B0%D0%BB%D0%B8%D0%BD%D0%B8%D0%BD%D0%B3%D1%80%D0%B0%D0%B4,travel_media,mixed,3,catalog_seed,https://tgstat.ru/,seed v2 discovery lane for Telegram architecture sources; profile probe required before monitoring,source graph expansion; not auto-monitored,catalog/search placeholder; requires profile probe and manual acceptance,seed_candidate,false,unknown,v2 disabled seed; do not monitor until probed,true,false,true,telegram_catalog_expansion,,seed_candidate
v2_083,telegram,Telegram history discovery candidate 053,,https://tgstat.ru/search?query=history+%D0%9A%D0%B0%D0%BB%D0%B8%D0%BD%D0%B8%D0%BD%D0%B3%D1%80%D0%B0%D0%B4,travel_media,mixed,3,catalog_seed,https://tgstat.ru/,seed v2 discovery lane for Telegram history sources; profile probe required before monitoring,source graph expansion; not auto-monitored,catalog/search placeholder; requires profile probe and manual acceptance,seed_candidate,false,unknown,v2 disabled seed; do not monitor until probed,true,false,true,telegram_catalog_expansion,,seed_candidate
v2_084,telegram,Telegram weekend discovery candidate 054,,https://tgstat.ru/search?query=weekend+%D0%9A%D0%B0%D0%BB%D0%B8%D0%BD%D0%B8%D0%BD%D0%B3%D1%80%D0%B0%D0%B4,travel_media,mixed,3,catalog_seed,https://tgstat.ru/,seed v2 discovery lane for Telegram weekend sources; profile probe required before monitoring,source graph expansion; not auto-monitored,catalog/search placeholder; requires profile probe and manual acceptance,seed_candidate,false,unknown,v2 disabled seed; do not monitor until probed,true,false,true,telegram_catalog_expansion,,seed_candidate
v2_085,telegram,Telegram roadtrip discovery candidate 055,,https://tgstat.ru/search?query=roadtrip+%D0%9A%D0%B0%D0%BB%D0%B8%D0%BD%D0%B8%D0%BD%D0%B3%D1%80%D0%B0%D0%B4,travel_media,mixed,3,catalog_seed,https://tgstat.ru/,seed v2 discovery lane for Telegram roadtrip sources; profile probe required before monitoring,source graph expansion; not auto-monitored,catalog/search placeholder; requires profile probe and manual acceptance,seed_candidate,false,unknown,v2 disabled seed; do not monitor until probed,true,false,true,telegram_catalog_expansion,,seed_candidate
v2_086,telegram,Telegram local_story discovery candidate 056,,https://tgstat.ru/search?query=local_story+%D0%9A%D0%B0%D0%BB%D0%B8%D0%BD%D0%B8%D0%BD%D0%B3%D1%80%D0%B0%D0%B4,catalog,mixed,3,catalog_seed,https://tgstat.ru/,seed v2 discovery lane for Telegram local_story sources; profile probe required before monitoring,source graph expansion; not auto-monitored,catalog/search placeholder; requires profile probe and manual acceptance,seed_candidate,false,unknown,v2 disabled seed; do not monitor until probed,true,false,true,telegram_catalog_expansion,,seed_candidate
v2_087,telegram,Telegram outdoor discovery candidate 057,,https://tgstat.ru/search?query=outdoor+%D0%9A%D0%B0%D0%BB%D0%B8%D0%BD%D0%B8%D0%BD%D0%B3%D1%80%D0%B0%D0%B4,travel_media,mixed,3,catalog_seed,https://tgstat.ru/,seed v2 discovery lane for Telegram outdoor sources; profile probe required before monitoring,source graph expansion; not auto-monitored,catalog/search placeholder; requires profile probe and manual acceptance,seed_candidate,false,unknown,v2 disabled seed; do not monitor until probed,true,false,true,telegram_catalog_expansion,,seed_candidate
v2_088,telegram,Telegram coast discovery candidate 058,,https://tgstat.ru/search?query=coast+%D0%9A%D0%B0%D0%BB%D0%B8%D0%BD%D0%B8%D0%BD%D0%B3%D1%80%D0%B0%D0%B4,travel_media,mixed,3,catalog_seed,https://tgstat.ru/,seed v2 discovery lane for Telegram coast sources; profile probe required before monitoring,source graph expansion; not auto-monitored,catalog/search placeholder; requires profile probe and manual acceptance,seed_candidate,false,unknown,v2 disabled seed; do not monitor until probed,true,false,true,telegram_catalog_expansion,,seed_candidate
v2_089,telegram,Telegram museum discovery candidate 059,,https://tgstat.ru/search?query=museum+%D0%9A%D0%B0%D0%BB%D0%B8%D0%BD%D0%B8%D0%BD%D0%B3%D1%80%D0%B0%D0%B4,travel_media,mixed,3,catalog_seed,https://tgstat.ru/,seed v2 discovery lane for Telegram museum sources; profile probe required before monitoring,source graph expansion; not auto-monitored,catalog/search placeholder; requires profile probe and manual acceptance,seed_candidate,false,unknown,v2 disabled seed; do not monitor until probed,true,false,true,telegram_catalog_expansion,,seed_candidate
v2_090,telegram,Telegram heritage discovery candidate 060,,https://tgstat.ru/search?query=heritage+%D0%9A%D0%B0%D0%BB%D0%B8%D0%BD%D0%B8%D0%BD%D0%B3%D1%80%D0%B0%D0%B4,travel_media,mixed,3,catalog_seed,https://tgstat.ru/,seed v2 discovery lane for Telegram heritage sources; profile probe required before monitoring,source graph expansion; not auto-monitored,catalog/search placeholder; requires profile probe and manual acceptance,seed_candidate,false,unknown,v2 disabled seed; do not monitor until probed,true,false,true,telegram_catalog_expansion,,seed_candidate
v2_091,telegram,Telegram travel discovery candidate 061,,https://tgstat.ru/search?query=travel+%D0%9A%D0%B0%D0%BB%D0%B8%D0%BD%D0%B8%D0%BD%D0%B3%D1%80%D0%B0%D0%B4,catalog,mixed,3,catalog_seed,https://tgstat.ru/,seed v2 discovery lane for Telegram travel sources; profile probe required before monitoring,source graph expansion; not auto-monitored,catalog/search placeholder; requires profile probe and manual acceptance,seed_candidate,false,unknown,v2 disabled seed; do not monitor until probed,true,false,true,telegram_catalog_expansion,,seed_candidate
v2_092,telegram,Telegram route discovery candidate 062,,https://tgstat.ru/search?query=route+%D0%9A%D0%B0%D0%BB%D0%B8%D0%BD%D0%B8%D0%BD%D0%B3%D1%80%D0%B0%D0%B4,travel_media,mixed,3,catalog_seed,https://tgstat.ru/,seed v2 discovery lane for Telegram route sources; profile probe required before monitoring,source graph expansion; not auto-monitored,catalog/search placeholder; requires profile probe and manual acceptance,seed_candidate,false,unknown,v2 disabled seed; do not monitor until probed,true,false,true,telegram_catalog_expansion,,seed_candidate
v2_093,telegram,Telegram photo discovery candidate 063,,https://tgstat.ru/search?query=photo+%D0%9A%D0%B0%D0%BB%D0%B8%D0%BD%D0%B8%D0%BD%D0%B3%D1%80%D0%B0%D0%B4,travel_media,mixed,3,catalog_seed,https://tgstat.ru/,seed v2 discovery lane for Telegram photo sources; profile probe required before monitoring,source graph expansion; not auto-monitored,catalog/search placeholder; requires profile probe and manual acceptance,seed_candidate,false,unknown,v2 disabled seed; do not monitor until probed,true,false,true,telegram_catalog_expansion,,seed_candidate
v2_094,telegram,Telegram russia_travel discovery candidate 064,,https://tgstat.ru/search?query=russia_travel+%D0%9A%D0%B0%D0%BB%D0%B8%D0%BD%D0%B8%D0%BD%D0%B3%D1%80%D0%B0%D0%B4,travel_media,mixed,3,catalog_seed,https://tgstat.ru/,seed v2 discovery lane for Telegram russia_travel sources; profile probe required before monitoring,source graph expansion; not auto-monitored,catalog/search placeholder; requires profile probe and manual acceptance,seed_candidate,false,unknown,v2 disabled seed; do not monitor until probed,true,false,true,telegram_catalog_expansion,,seed_candidate
v2_095,telegram,Telegram author discovery candidate 065,,https://tgstat.ru/search?query=author+%D0%9A%D0%B0%D0%BB%D0%B8%D0%BD%D0%B8%D0%BD%D0%B3%D1%80%D0%B0%D0%B4,author_channel,mixed,3,catalog_seed,https://tgstat.ru/,seed v2 discovery lane for Telegram author sources; profile probe required before monitoring,source graph expansion; not auto-monitored,catalog/search placeholder; requires profile probe and manual acceptance,seed_candidate,false,unknown,v2 disabled seed; do not monitor until probed,true,false,true,telegram_catalog_expansion,,seed_candidate
v2_096,telegram,Telegram nature discovery candidate 066,,https://tgstat.ru/search?query=nature+%D0%9A%D0%B0%D0%BB%D0%B8%D0%BD%D0%B8%D0%BD%D0%B3%D1%80%D0%B0%D0%B4,catalog,mixed,3,catalog_seed,https://tgstat.ru/,seed v2 discovery lane for Telegram nature sources; profile probe required before monitoring,source graph expansion; not auto-monitored,catalog/search placeholder; requires profile probe and manual acceptance,seed_candidate,false,unknown,v2 disabled seed; do not monitor until probed,true,false,true,telegram_catalog_expansion,,seed_candidate
v2_097,telegram,Telegram architecture discovery candidate 067,,https://tgstat.ru/search?query=architecture+%D0%9A%D0%B0%D0%BB%D0%B8%D0%BD%D0%B8%D0%BD%D0%B3%D1%80%D0%B0%D0%B4,travel_media,mixed,3,catalog_seed,https://tgstat.ru/,seed v2 discovery lane for Telegram architecture sources; profile probe required before monitoring,source graph expansion; not auto-monitored,catalog/search placeholder; requires profile probe and manual acceptance,seed_candidate,false,unknown,v2 disabled seed; do not monitor until probed,true,false,true,telegram_catalog_expansion,,seed_candidate
v2_098,telegram,Telegram history discovery candidate 068,,https://tgstat.ru/search?query=history+%D0%9A%D0%B0%D0%BB%D0%B8%D0%BD%D0%B8%D0%BD%D0%B3%D1%80%D0%B0%D0%B4,travel_media,mixed,3,catalog_seed,https://tgstat.ru/,seed v2 discovery lane for Telegram history sources; profile probe required before monitoring,source graph expansion; not auto-monitored,catalog/search placeholder; requires profile probe and manual acceptance,seed_candidate,false,unknown,v2 disabled seed; do not monitor until probed,true,false,true,telegram_catalog_expansion,,seed_candidate
v2_099,telegram,Telegram weekend discovery candidate 069,,https://tgstat.ru/search?query=weekend+%D0%9A%D0%B0%D0%BB%D0%B8%D0%BD%D0%B8%D0%BD%D0%B3%D1%80%D0%B0%D0%B4,travel_media,mixed,3,catalog_seed,https://tgstat.ru/,seed v2 discovery lane for Telegram weekend sources; profile probe required before monitoring,source graph expansion; not auto-monitored,catalog/search placeholder; requires profile probe and manual acceptance,seed_candidate,false,unknown,v2 disabled seed; do not monitor until probed,true,false,true,telegram_catalog_expansion,,seed_candidate
v2_100,telegram,Telegram roadtrip discovery candidate 070,,https://tgstat.ru/search?query=roadtrip+%D0%9A%D0%B0%D0%BB%D0%B8%D0%BD%D0%B8%D0%BD%D0%B3%D1%80%D0%B0%D0%B4,travel_media,mixed,3,catalog_seed,https://tgstat.ru/,seed v2 discovery lane for Telegram roadtrip sources; profile probe required before monitoring,source graph expansion; not auto-monitored,catalog/search placeholder; requires profile probe and manual acceptance,seed_candidate,false,unknown,v2 disabled seed; do not monitor until probed,true,false,true,telegram_catalog_expansion,,seed_candidate
v2_101,telegram,Telegram local_story discovery candidate 071,,https://tgstat.ru/search?query=local_story+%D0%9A%D0%B0%D0%BB%D0%B8%D0%BD%D0%B8%D0%BD%D0%B3%D1%80%D0%B0%D0%B4,catalog,mixed,3,catalog_seed,https://tgstat.ru/,seed v2 discovery lane for Telegram local_story sources; profile probe required before monitoring,source graph expansion; not auto-monitored,catalog/search placeholder; requires profile probe and manual acceptance,seed_candidate,false,unknown,v2 disabled seed; do not monitor until probed,true,false,true,telegram_catalog_expansion,,seed_candidate
v2_102,telegram,Telegram outdoor discovery candidate 072,,https://tgstat.ru/search?query=outdoor+%D0%9A%D0%B0%D0%BB%D0%B8%D0%BD%D0%B8%D0%BD%D0%B3%D1%80%D0%B0%D0%B4,travel_media,mixed,3,catalog_seed,https://tgstat.ru/,seed v2 discovery lane for Telegram outdoor sources; profile probe required before monitoring,source graph expansion; not auto-monitored,catalog/search placeholder; requires profile probe and manual acceptance,seed_candidate,false,unknown,v2 disabled seed; do not monitor until probed,true,false,true,telegram_catalog_expansion,,seed_candidate
v2_103,telegram,Telegram coast discovery candidate 073,,https://tgstat.ru/search?query=coast+%D0%9A%D0%B0%D0%BB%D0%B8%D0%BD%D0%B8%D0%BD%D0%B3%D1%80%D0%B0%D0%B4,travel_media,mixed,3,catalog_seed,https://tgstat.ru/,seed v2 discovery lane for Telegram coast sources; profile probe required before monitoring,source graph expansion; not auto-monitored,catalog/search placeholder; requires profile probe and manual acceptance,seed_candidate,false,unknown,v2 disabled seed; do not monitor until probed,true,false,true,telegram_catalog_expansion,,seed_candidate
v2_104,telegram,Telegram museum discovery candidate 074,,https://tgstat.ru/search?query=museum+%D0%9A%D0%B0%D0%BB%D0%B8%D0%BD%D0%B8%D0%BD%D0%B3%D1%80%D0%B0%D0%B4,travel_media,mixed,3,catalog_seed,https://tgstat.ru/,seed v2 discovery lane for Telegram museum sources; profile probe required before monitoring,source graph expansion; not auto-monitored,catalog/search placeholder; requires profile probe and manual acceptance,seed_candidate,false,unknown,v2 disabled seed; do not monitor until probed,true,false,true,telegram_catalog_expansion,,seed_candidate
v2_105,telegram,Telegram heritage discovery candidate 075,,https://tgstat.ru/search?query=heritage+%D0%9A%D0%B0%D0%BB%D0%B8%D0%BD%D0%B8%D0%BD%D0%B3%D1%80%D0%B0%D0%B4,travel_media,mixed,3,catalog_seed,https://tgstat.ru/,seed v2 discovery lane for Telegram heritage sources; profile probe required before monitoring,source graph expansion; not auto-monitored,catalog/search placeholder; requires profile probe and manual acceptance,seed_candidate,false,unknown,v2 disabled seed; do not monitor until probed,true,false,true,telegram_catalog_expansion,,seed_candidate
v2_106,telegram,Telegram travel discovery candidate 076,,https://tgstat.ru/search?query=travel+%D0%9A%D0%B0%D0%BB%D0%B8%D0%BD%D0%B8%D0%BD%D0%B3%D1%80%D0%B0%D0%B4,catalog,mixed,3,catalog_seed,https://tgstat.ru/,seed v2 discovery lane for Telegram travel sources; profile probe required before monitoring,source graph expansion; not auto-monitored,catalog/search placeholder; requires profile probe and manual acceptance,seed_candidate,false,unknown,v2 disabled seed; do not monitor until probed,true,false,true,telegram_catalog_expansion,,seed_candidate
v2_107,telegram,Telegram route discovery candidate 077,,https://tgstat.ru/search?query=route+%D0%9A%D0%B0%D0%BB%D0%B8%D0%BD%D0%B8%D0%BD%D0%B3%D1%80%D0%B0%D0%B4,travel_media,mixed,3,catalog_seed,https://tgstat.ru/,seed v2 discovery lane for Telegram route sources; profile probe required before monitoring,source graph expansion; not auto-monitored,catalog/search placeholder; requires profile probe and manual acceptance,seed_candidate,false,unknown,v2 disabled seed; do not monitor until probed,true,false,true,telegram_catalog_expansion,,seed_candidate
v2_108,telegram,Telegram photo discovery candidate 078,,https://tgstat.ru/search?query=photo+%D0%9A%D0%B0%D0%BB%D0%B8%D0%BD%D0%B8%D0%BD%D0%B3%D1%80%D0%B0%D0%B4,travel_media,mixed,3,catalog_seed,https://tgstat.ru/,seed v2 discovery lane for Telegram photo sources; profile probe required before monitoring,source graph expansion; not auto-monitored,catalog/search placeholder; requires profile probe and manual acceptance,seed_candidate,false,unknown,v2 disabled seed; do not monitor until probed,true,false,true,telegram_catalog_expansion,,seed_candidate
v2_109,telegram,Telegram russia_travel discovery candidate 079,,https://tgstat.ru/search?query=russia_travel+%D0%9A%D0%B0%D0%BB%D0%B8%D0%BD%D0%B8%D0%BD%D0%B3%D1%80%D0%B0%D0%B4,travel_media,mixed,3,catalog_seed,https://tgstat.ru/,seed v2 discovery lane for Telegram russia_travel sources; profile probe required before monitoring,source graph expansion; not auto-monitored,catalog/search placeholder; requires profile probe and manual acceptance,seed_candidate,false,unknown,v2 disabled seed; do not monitor until probed,true,false,true,telegram_catalog_expansion,,seed_candidate
v2_110,telegram,Telegram author discovery candidate 080,,https://tgstat.ru/search?query=author+%D0%9A%D0%B0%D0%BB%D0%B8%D0%BD%D0%B8%D0%BD%D0%B3%D1%80%D0%B0%D0%B4,author_channel,mixed,3,catalog_seed,https://tgstat.ru/,seed v2 discovery lane for Telegram author sources; profile probe required before monitoring,source graph expansion; not auto-monitored,catalog/search placeholder; requires profile probe and manual acceptance,seed_candidate,false,unknown,v2 disabled seed; do not monitor until probed,true,false,true,telegram_catalog_expansion,,seed_candidate
v2_111,telegram,Telegram nature discovery candidate 081,,https://tgstat.ru/search?query=nature+%D0%9A%D0%B0%D0%BB%D0%B8%D0%BD%D0%B8%D0%BD%D0%B3%D1%80%D0%B0%D0%B4,catalog,mixed,3,catalog_seed,https://tgstat.ru/,seed v2 discovery lane for Telegram nature sources; profile probe required before monitoring,source graph expansion; not auto-monitored,catalog/search placeholder; requires profile probe and manual acceptance,seed_candidate,false,unknown,v2 disabled seed; do not monitor until probed,true,false,true,telegram_catalog_expansion,,seed_candidate
v2_112,telegram,Telegram architecture discovery candidate 082,,https://tgstat.ru/search?query=architecture+%D0%9A%D0%B0%D0%BB%D0%B8%D0%BD%D0%B8%D0%BD%D0%B3%D1%80%D0%B0%D0%B4,travel_media,mixed,3,catalog_seed,https://tgstat.ru/,seed v2 discovery lane for Telegram architecture sources; profile probe required before monitoring,source graph expansion; not auto-monitored,catalog/search placeholder; requires profile probe and manual acceptance,seed_candidate,false,unknown,v2 disabled seed; do not monitor until probed,true,false,true,telegram_catalog_expansion,,seed_candidate
v2_113,telegram,Telegram history discovery candidate 083,,https://tgstat.ru/search?query=history+%D0%9A%D0%B0%D0%BB%D0%B8%D0%BD%D0%B8%D0%BD%D0%B3%D1%80%D0%B0%D0%B4,travel_media,mixed,3,catalog_seed,https://tgstat.ru/,seed v2 discovery lane for Telegram history sources; profile probe required before monitoring,source graph expansion; not auto-monitored,catalog/search placeholder; requires profile probe and manual acceptance,seed_candidate,false,unknown,v2 disabled seed; do not monitor until probed,true,false,true,telegram_catalog_expansion,,seed_candidate
v2_114,telegram,Telegram weekend discovery candidate 084,,https://tgstat.ru/search?query=weekend+%D0%9A%D0%B0%D0%BB%D0%B8%D0%BD%D0%B8%D0%BD%D0%B3%D1%80%D0%B0%D0%B4,travel_media,mixed,3,catalog_seed,https://tgstat.ru/,seed v2 discovery lane for Telegram weekend sources; profile probe required before monitoring,source graph expansion; not auto-monitored,catalog/search placeholder; requires profile probe and manual acceptance,seed_candidate,false,unknown,v2 disabled seed; do not monitor until probed,true,false,true,telegram_catalog_expansion,,seed_candidate
v2_115,telegram,Telegram roadtrip discovery candidate 085,,https://tgstat.ru/search?query=roadtrip+%D0%9A%D0%B0%D0%BB%D0%B8%D0%BD%D0%B8%D0%BD%D0%B3%D1%80%D0%B0%D0%B4,travel_media,mixed,3,catalog_seed,https://tgstat.ru/,seed v2 discovery lane for Telegram roadtrip sources; profile probe required before monitoring,source graph expansion; not auto-monitored,catalog/search placeholder; requires profile probe and manual acceptance,seed_candidate,false,unknown,v2 disabled seed; do not monitor until probed,true,false,true,telegram_catalog_expansion,,seed_candidate
v2_116,telegram,Telegram local_story discovery candidate 086,,https://tgstat.ru/search?query=local_story+%D0%9A%D0%B0%D0%BB%D0%B8%D0%BD%D0%B8%D0%BD%D0%B3%D1%80%D0%B0%D0%B4,catalog,mixed,3,catalog_seed,https://tgstat.ru/,seed v2 discovery lane for Telegram local_story sources; profile probe required before monitoring,source graph expansion; not auto-monitored,catalog/search placeholder; requires profile probe and manual acceptance,seed_candidate,false,unknown,v2 disabled seed; do not monitor until probed,true,false,true,telegram_catalog_expansion,,seed_candidate
v2_117,telegram,Telegram outdoor discovery candidate 087,,https://tgstat.ru/search?query=outdoor+%D0%9A%D0%B0%D0%BB%D0%B8%D0%BD%D0%B8%D0%BD%D0%B3%D1%80%D0%B0%D0%B4,travel_media,mixed,3,catalog_seed,https://tgstat.ru/,seed v2 discovery lane for Telegram outdoor sources; profile probe required before monitoring,source graph expansion; not auto-monitored,catalog/search placeholder; requires profile probe and manual acceptance,seed_candidate,false,unknown,v2 disabled seed; do not monitor until probed,true,false,true,telegram_catalog_expansion,,seed_candidate
v2_118,telegram,Telegram coast discovery candidate 088,,https://tgstat.ru/search?query=coast+%D0%9A%D0%B0%D0%BB%D0%B8%D0%BD%D0%B8%D0%BD%D0%B3%D1%80%D0%B0%D0%B4,travel_media,mixed,3,catalog_seed,https://tgstat.ru/,seed v2 discovery lane for Telegram coast sources; profile probe required before monitoring,source graph expansion; not auto-monitored,catalog/search placeholder; requires profile probe and manual acceptance,seed_candidate,false,unknown,v2 disabled seed; do not monitor until probed,true,false,true,telegram_catalog_expansion,,seed_candidate
v2_119,telegram,Telegram museum discovery candidate 089,,https://tgstat.ru/search?query=museum+%D0%9A%D0%B0%D0%BB%D0%B8%D0%BD%D0%B8%D0%BD%D0%B3%D1%80%D0%B0%D0%B4,travel_media,mixed,3,catalog_seed,https://tgstat.ru/,seed v2 discovery lane for Telegram museum sources; profile probe required before monitoring,source graph expansion; not auto-monitored,catalog/search placeholder; requires profile probe and manual acceptance,seed_candidate,false,unknown,v2 disabled seed; do not monitor until probed,true,false,true,telegram_catalog_expansion,,seed_candidate
v2_120,telegram,Telegram heritage discovery candidate 090,,https://tgstat.ru/search?query=heritage+%D0%9A%D0%B0%D0%BB%D0%B8%D0%BD%D0%B8%D0%BD%D0%B3%D1%80%D0%B0%D0%B4,travel_media,mixed,3,catalog_seed,https://tgstat.ru/,seed v2 discovery lane for Telegram heritage sources; profile probe required before monitoring,source graph expansion; not auto-monitored,catalog/search placeholder; requires profile probe and manual acceptance,seed_candidate,false,unknown,v2 disabled seed; do not monitor until probed,true,false,true,telegram_catalog_expansion,,seed_candidate
v2_121,telegram,Telegram travel discovery candidate 091,,https://tgstat.ru/search?query=travel+%D0%9A%D0%B0%D0%BB%D0%B8%D0%BD%D0%B8%D0%BD%D0%B3%D1%80%D0%B0%D0%B4,catalog,mixed,3,catalog_seed,https://tgstat.ru/,seed v2 discovery lane for Telegram travel sources; profile probe required before monitoring,source graph expansion; not auto-monitored,catalog/search placeholder; requires profile probe and manual acceptance,seed_candidate,false,unknown,v2 disabled seed; do not monitor until probed,true,false,true,telegram_catalog_expansion,,seed_candidate
v2_122,telegram,Telegram route discovery candidate 092,,https://tgstat.ru/search?query=route+%D0%9A%D0%B0%D0%BB%D0%B8%D0%BD%D0%B8%D0%BD%D0%B3%D1%80%D0%B0%D0%B4,travel_media,mixed,3,catalog_seed,https://tgstat.ru/,seed v2 discovery lane for Telegram route sources; profile probe required before monitoring,source graph expansion; not auto-monitored,catalog/search placeholder; requires profile probe and manual acceptance,seed_candidate,false,unknown,v2 disabled seed; do not monitor until probed,true,false,true,telegram_catalog_expansion,,seed_candidate
v2_123,telegram,Telegram photo discovery candidate 093,,https://tgstat.ru/search?query=photo+%D0%9A%D0%B0%D0%BB%D0%B8%D0%BD%D0%B8%D0%BD%D0%B3%D1%80%D0%B0%D0%B4,travel_media,mixed,3,catalog_seed,https://tgstat.ru/,seed v2 discovery lane for Telegram photo sources; profile probe required before monitoring,source graph expansion; not auto-monitored,catalog/search placeholder; requires profile probe and manual acceptance,seed_candidate,false,unknown,v2 disabled seed; do not monitor until probed,true,false,true,telegram_catalog_expansion,,seed_candidate
v2_124,telegram,Telegram russia_travel discovery candidate 094,,https://tgstat.ru/search?query=russia_travel+%D0%9A%D0%B0%D0%BB%D0%B8%D0%BD%D0%B8%D0%BD%D0%B3%D1%80%D0%B0%D0%B4,travel_media,mixed,3,catalog_seed,https://tgstat.ru/,seed v2 discovery lane for Telegram russia_travel sources; profile probe required before monitoring,source graph expansion; not auto-monitored,catalog/search placeholder; requires profile probe and manual acceptance,seed_candidate,false,unknown,v2 disabled seed; do not monitor until probed,true,false,true,telegram_catalog_expansion,,seed_candidate
v2_125,telegram,Telegram author discovery candidate 095,,https://tgstat.ru/search?query=author+%D0%9A%D0%B0%D0%BB%D0%B8%D0%BD%D0%B8%D0%BD%D0%B3%D1%80%D0%B0%D0%B4,author_channel,mixed,3,catalog_seed,https://tgstat.ru/,seed v2 discovery lane for Telegram author sources; profile probe required before monitoring,source graph expansion; not auto-monitored,catalog/search placeholder; requires profile probe and manual acceptance,seed_candidate,false,unknown,v2 disabled seed; do not monitor until probed,true,false,true,telegram_catalog_expansion,,seed_candidate
v2_126,telegram,Telegram nature discovery candidate 096,,https://tgstat.ru/search?query=nature+%D0%9A%D0%B0%D0%BB%D0%B8%D0%BD%D0%B8%D0%BD%D0%B3%D1%80%D0%B0%D0%B4,catalog,mixed,3,catalog_seed,https://tgstat.ru/,seed v2 discovery lane for Telegram nature sources; profile probe required before monitoring,source graph expansion; not auto-monitored,catalog/search placeholder; requires profile probe and manual acceptance,seed_candidate,false,unknown,v2 disabled seed; do not monitor until probed,true,false,true,telegram_catalog_expansion,,seed_candidate
v2_127,telegram,Telegram architecture discovery candidate 097,,https://tgstat.ru/search?query=architecture+%D0%9A%D0%B0%D0%BB%D0%B8%D0%BD%D0%B8%D0%BD%D0%B3%D1%80%D0%B0%D0%B4,travel_media,mixed,3,catalog_seed,https://tgstat.ru/,seed v2 discovery lane for Telegram architecture sources; profile probe required before monitoring,source graph expansion; not auto-monitored,catalog/search placeholder; requires profile probe and manual acceptance,seed_candidate,false,unknown,v2 disabled seed; do not monitor until probed,true,false,true,telegram_catalog_expansion,,seed_candidate
v2_128,telegram,Telegram history discovery candidate 098,,https://tgstat.ru/search?query=history+%D0%9A%D0%B0%D0%BB%D0%B8%D0%BD%D0%B8%D0%BD%D0%B3%D1%80%D0%B0%D0%B4,travel_media,mixed,3,catalog_seed,https://tgstat.ru/,seed v2 discovery lane for Telegram history sources; profile probe required before monitoring,source graph expansion; not auto-monitored,catalog/search placeholder; requires profile probe and manual acceptance,seed_candidate,false,unknown,v2 disabled seed; do not monitor until probed,true,false,true,telegram_catalog_expansion,,seed_candidate
v2_129,telegram,Telegram weekend discovery candidate 099,,https://tgstat.ru/search?query=weekend+%D0%9A%D0%B0%D0%BB%D0%B8%D0%BD%D0%B8%D0%BD%D0%B3%D1%80%D0%B0%D0%B4,travel_media,mixed,3,catalog_seed,https://tgstat.ru/,seed v2 discovery lane for Telegram weekend sources; profile probe required before monitoring,source graph expansion; not auto-monitored,catalog/search placeholder; requires profile probe and manual acceptance,seed_candidate,false,unknown,v2 disabled seed; do not monitor until probed,true,false,true,telegram_catalog_expansion,,seed_candidate
v2_130,telegram,Telegram roadtrip discovery candidate 100,,https://tgstat.ru/search?query=roadtrip+%D0%9A%D0%B0%D0%BB%D0%B8%D0%BD%D0%B8%D0%BD%D0%B3%D1%80%D0%B0%D0%B4,travel_media,mixed,3,catalog_seed,https://tgstat.ru/,seed v2 discovery lane for Telegram roadtrip sources; profile probe required before monitoring,source graph expansion; not auto-monitored,catalog/search placeholder; requires profile probe and manual acceptance,seed_candidate,false,unknown,v2 disabled seed; do not monitor until probed,true,false,true,telegram_catalog_expansion,,seed_candidate
v2_131,telegram,Telegram local_story discovery candidate 101,,https://tgstat.ru/search?query=local_story+%D0%9A%D0%B0%D0%BB%D0%B8%D0%BD%D0%B8%D0%BD%D0%B3%D1%80%D0%B0%D0%B4,catalog,mixed,3,catalog_seed,https://tgstat.ru/,seed v2 discovery lane for Telegram local_story sources; profile probe required before monitoring,source graph expansion; not auto-monitored,catalog/search placeholder; requires profile probe and manual acceptance,seed_candidate,false,unknown,v2 disabled seed; do not monitor until probed,true,false,true,telegram_catalog_expansion,,seed_candidate
v2_132,telegram,Telegram outdoor discovery candidate 102,,https://tgstat.ru/search?query=outdoor+%D0%9A%D0%B0%D0%BB%D0%B8%D0%BD%D0%B8%D0%BD%D0%B3%D1%80%D0%B0%D0%B4,travel_media,mixed,3,catalog_seed,https://tgstat.ru/,seed v2 discovery lane for Telegram outdoor sources; profile probe required before monitoring,source graph expansion; not auto-monitored,catalog/search placeholder; requires profile probe and manual acceptance,seed_candidate,false,unknown,v2 disabled seed; do not monitor until probed,true,false,true,telegram_catalog_expansion,,seed_candidate
v2_133,telegram,Telegram coast discovery candidate 103,,https://tgstat.ru/search?query=coast+%D0%9A%D0%B0%D0%BB%D0%B8%D0%BD%D0%B8%D0%BD%D0%B3%D1%80%D0%B0%D0%B4,travel_media,mixed,3,catalog_seed,https://tgstat.ru/,seed v2 discovery lane for Telegram coast sources; profile probe required before monitoring,source graph expansion; not auto-monitored,catalog/search placeholder; requires profile probe and manual acceptance,seed_candidate,false,unknown,v2 disabled seed; do not monitor until probed,true,false,true,telegram_catalog_expansion,,seed_candidate
v2_134,telegram,Telegram museum discovery candidate 104,,https://tgstat.ru/search?query=museum+%D0%9A%D0%B0%D0%BB%D0%B8%D0%BD%D0%B8%D0%BD%D0%B3%D1%80%D0%B0%D0%B4,travel_media,mixed,3,catalog_seed,https://tgstat.ru/,seed v2 discovery lane for Telegram museum sources; profile probe required before monitoring,source graph expansion; not auto-monitored,catalog/search placeholder; requires profile probe and manual acceptance,seed_candidate,false,unknown,v2 disabled seed; do not monitor until probed,true,false,true,telegram_catalog_expansion,,seed_candidate
v2_135,telegram,Telegram heritage discovery candidate 105,,https://tgstat.ru/search?query=heritage+%D0%9A%D0%B0%D0%BB%D0%B8%D0%BD%D0%B8%D0%BD%D0%B3%D1%80%D0%B0%D0%B4,travel_media,mixed,3,catalog_seed,https://tgstat.ru/,seed v2 discovery lane for Telegram heritage sources; profile probe required before monitoring,source graph expansion; not auto-monitored,catalog/search placeholder; requires profile probe and manual acceptance,seed_candidate,false,unknown,v2 disabled seed; do not monitor until probed,true,false,true,telegram_catalog_expansion,,seed_candidate
v2_136,telegram,Telegram travel discovery candidate 106,,https://tgstat.ru/search?query=travel+%D0%9A%D0%B0%D0%BB%D0%B8%D0%BD%D0%B8%D0%BD%D0%B3%D1%80%D0%B0%D0%B4,catalog,mixed,3,catalog_seed,https://tgstat.ru/,seed v2 discovery lane for Telegram travel sources; profile probe required before monitoring,source graph expansion; not auto-monitored,catalog/search placeholder; requires profile probe and manual acceptance,seed_candidate,false,unknown,v2 disabled seed; do not monitor until probed,true,false,true,telegram_catalog_expansion,,seed_candidate
v2_137,telegram,Telegram route discovery candidate 107,,https://tgstat.ru/search?query=route+%D0%9A%D0%B0%D0%BB%D0%B8%D0%BD%D0%B8%D0%BD%D0%B3%D1%80%D0%B0%D0%B4,travel_media,mixed,3,catalog_seed,https://tgstat.ru/,seed v2 discovery lane for Telegram route sources; profile probe required before monitoring,source graph expansion; not auto-monitored,catalog/search placeholder; requires profile probe and manual acceptance,seed_candidate,false,unknown,v2 disabled seed; do not monitor until probed,true,false,true,telegram_catalog_expansion,,seed_candidate
v2_138,telegram,Telegram photo discovery candidate 108,,https://tgstat.ru/search?query=photo+%D0%9A%D0%B0%D0%BB%D0%B8%D0%BD%D0%B8%D0%BD%D0%B3%D1%80%D0%B0%D0%B4,travel_media,mixed,3,catalog_seed,https://tgstat.ru/,seed v2 discovery lane for Telegram photo sources; profile probe required before monitoring,source graph expansion; not auto-monitored,catalog/search placeholder; requires profile probe and manual acceptance,seed_candidate,false,unknown,v2 disabled seed; do not monitor until probed,true,false,true,telegram_catalog_expansion,,seed_candidate
v2_139,telegram,Telegram russia_travel discovery candidate 109,,https://tgstat.ru/search?query=russia_travel+%D0%9A%D0%B0%D0%BB%D0%B8%D0%BD%D0%B8%D0%BD%D0%B3%D1%80%D0%B0%D0%B4,travel_media,mixed,3,catalog_seed,https://tgstat.ru/,seed v2 discovery lane for Telegram russia_travel sources; profile probe required before monitoring,source graph expansion; not auto-monitored,catalog/search placeholder; requires profile probe and manual acceptance,seed_candidate,false,unknown,v2 disabled seed; do not monitor until probed,true,false,true,telegram_catalog_expansion,,seed_candidate
v2_140,telegram,Telegram author discovery candidate 110,,https://tgstat.ru/search?query=author+%D0%9A%D0%B0%D0%BB%D0%B8%D0%BD%D0%B8%D0%BD%D0%B3%D1%80%D0%B0%D0%B4,author_channel,mixed,3,catalog_seed,https://tgstat.ru/,seed v2 discovery lane for Telegram author sources; profile probe required before monitoring,source graph expansion; not auto-monitored,catalog/search placeholder; requires profile probe and manual acceptance,seed_candidate,false,unknown,v2 disabled seed; do not monitor until probed,true,false,true,telegram_catalog_expansion,,seed_candidate
v2_141,telegram,Telegram nature discovery candidate 111,,https://tgstat.ru/search?query=nature+%D0%9A%D0%B0%D0%BB%D0%B8%D0%BD%D0%B8%D0%BD%D0%B3%D1%80%D0%B0%D0%B4,catalog,mixed,3,catalog_seed,https://tgstat.ru/,seed v2 discovery lane for Telegram nature sources; profile probe required before monitoring,source graph expansion; not auto-monitored,catalog/search placeholder; requires profile probe and manual acceptance,seed_candidate,false,unknown,v2 disabled seed; do not monitor until probed,true,false,true,telegram_catalog_expansion,,seed_candidate
v2_142,telegram,Telegram architecture discovery candidate 112,,https://tgstat.ru/search?query=architecture+%D0%9A%D0%B0%D0%BB%D0%B8%D0%BD%D0%B8%D0%BD%D0%B3%D1%80%D0%B0%D0%B4,travel_media,mixed,3,catalog_seed,https://tgstat.ru/,seed v2 discovery lane for Telegram architecture sources; profile probe required before monitoring,source graph expansion; not auto-monitored,catalog/search placeholder; requires profile probe and manual acceptance,seed_candidate,false,unknown,v2 disabled seed; do not monitor until probed,true,false,true,telegram_catalog_expansion,,seed_candidate
v2_143,telegram,Telegram history discovery candidate 113,,https://tgstat.ru/search?query=history+%D0%9A%D0%B0%D0%BB%D0%B8%D0%BD%D0%B8%D0%BD%D0%B3%D1%80%D0%B0%D0%B4,travel_media,mixed,3,catalog_seed,https://tgstat.ru/,seed v2 discovery lane for Telegram history sources; profile probe required before monitoring,source graph expansion; not auto-monitored,catalog/search placeholder; requires profile probe and manual acceptance,seed_candidate,false,unknown,v2 disabled seed; do not monitor until probed,true,false,true,telegram_catalog_expansion,,seed_candidate
v2_144,telegram,Telegram weekend discovery candidate 114,,https://tgstat.ru/search?query=weekend+%D0%9A%D0%B0%D0%BB%D0%B8%D0%BD%D0%B8%D0%BD%D0%B3%D1%80%D0%B0%D0%B4,travel_media,mixed,3,catalog_seed,https://tgstat.ru/,seed v2 discovery lane for Telegram weekend sources; profile probe required before monitoring,source graph expansion; not auto-monitored,catalog/search placeholder; requires profile probe and manual acceptance,seed_candidate,false,unknown,v2 disabled seed; do not monitor until probed,true,false,true,telegram_catalog_expansion,,seed_candidate
v2_145,telegram,Telegram roadtrip discovery candidate 115,,https://tgstat.ru/search?query=roadtrip+%D0%9A%D0%B0%D0%BB%D0%B8%D0%BD%D0%B8%D0%BD%D0%B3%D1%80%D0%B0%D0%B4,travel_media,mixed,3,catalog_seed,https://tgstat.ru/,seed v2 discovery lane for Telegram roadtrip sources; profile probe required before monitoring,source graph expansion; not auto-monitored,catalog/search placeholder; requires profile probe and manual acceptance,seed_candidate,false,unknown,v2 disabled seed; do not monitor until probed,true,false,true,telegram_catalog_expansion,,seed_candidate
v2_146,telegram,Telegram local_story discovery candidate 116,,https://tgstat.ru/search?query=local_story+%D0%9A%D0%B0%D0%BB%D0%B8%D0%BD%D0%B8%D0%BD%D0%B3%D1%80%D0%B0%D0%B4,catalog,mixed,3,catalog_seed,https://tgstat.ru/,seed v2 discovery lane for Telegram local_story sources; profile probe required before monitoring,source graph expansion; not auto-monitored,catalog/search placeholder; requires profile probe and manual acceptance,seed_candidate,false,unknown,v2 disabled seed; do not monitor until probed,true,false,true,telegram_catalog_expansion,,seed_candidate
v2_147,telegram,Telegram outdoor discovery candidate 117,,https://tgstat.ru/search?query=outdoor+%D0%9A%D0%B0%D0%BB%D0%B8%D0%BD%D0%B8%D0%BD%D0%B3%D1%80%D0%B0%D0%B4,travel_media,mixed,3,catalog_seed,https://tgstat.ru/,seed v2 discovery lane for Telegram outdoor sources; profile probe required before monitoring,source graph expansion; not auto-monitored,catalog/search placeholder; requires profile probe and manual acceptance,seed_candidate,false,unknown,v2 disabled seed; do not monitor until probed,true,false,true,telegram_catalog_expansion,,seed_candidate
v2_148,telegram,Telegram coast discovery candidate 118,,https://tgstat.ru/search?query=coast+%D0%9A%D0%B0%D0%BB%D0%B8%D0%BD%D0%B8%D0%BD%D0%B3%D1%80%D0%B0%D0%B4,travel_media,mixed,3,catalog_seed,https://tgstat.ru/,seed v2 discovery lane for Telegram coast sources; profile probe required before monitoring,source graph expansion; not auto-monitored,catalog/search placeholder; requires profile probe and manual acceptance,seed_candidate,false,unknown,v2 disabled seed; do not monitor until probed,true,false,true,telegram_catalog_expansion,,seed_candidate
v2_149,telegram,Telegram museum discovery candidate 119,,https://tgstat.ru/search?query=museum+%D0%9A%D0%B0%D0%BB%D0%B8%D0%BD%D0%B8%D0%BD%D0%B3%D1%80%D0%B0%D0%B4,travel_media,mixed,3,catalog_seed,https://tgstat.ru/,seed v2 discovery lane for Telegram museum sources; profile probe required before monitoring,source graph expansion; not auto-monitored,catalog/search placeholder; requires profile probe and manual acceptance,seed_candidate,false,unknown,v2 disabled seed; do not monitor until probed,true,false,true,telegram_catalog_expansion,,seed_candidate
v2_150,telegram,Telegram heritage discovery candidate 120,,https://tgstat.ru/search?query=heritage+%D0%9A%D0%B0%D0%BB%D0%B8%D0%BD%D0%B8%D0%BD%D0%B3%D1%80%D0%B0%D0%B4,travel_media,mixed,3,catalog_seed,https://tgstat.ru/,seed v2 discovery lane for Telegram heritage sources; profile probe required before monitoring,source graph expansion; not auto-monitored,catalog/search placeholder; requires profile probe and manual acceptance,seed_candidate,false,unknown,v2 disabled seed; do not monitor until probed,true,false,true,telegram_catalog_expansion,,seed_candidate
v2_151,telegram,Telegram travel discovery candidate 121,,https://tgstat.ru/search?query=travel+%D0%9A%D0%B0%D0%BB%D0%B8%D0%BD%D0%B8%D0%BD%D0%B3%D1%80%D0%B0%D0%B4,catalog,mixed,3,catalog_seed,https://tgstat.ru/,seed v2 discovery lane for Telegram travel sources; profile probe required before monitoring,source graph expansion; not auto-monitored,catalog/search placeholder; requires profile probe and manual acceptance,seed_candidate,false,unknown,v2 disabled seed; do not monitor until probed,true,false,true,telegram_catalog_expansion,,seed_candidate
v2_152,telegram,Telegram route discovery candidate 122,,https://tgstat.ru/search?query=route+%D0%9A%D0%B0%D0%BB%D0%B8%D0%BD%D0%B8%D0%BD%D0%B3%D1%80%D0%B0%D0%B4,travel_media,mixed,3,catalog_seed,https://tgstat.ru/,seed v2 discovery lane for Telegram route sources; profile probe required before monitoring,source graph expansion; not auto-monitored,catalog/search placeholder; requires profile probe and manual acceptance,seed_candidate,false,unknown,v2 disabled seed; do not monitor until probed,true,false,true,telegram_catalog_expansion,,seed_candidate
v2_153,telegram,Telegram photo discovery candidate 123,,https://tgstat.ru/search?query=photo+%D0%9A%D0%B0%D0%BB%D0%B8%D0%BD%D0%B8%D0%BD%D0%B3%D1%80%D0%B0%D0%B4,travel_media,mixed,3,catalog_seed,https://tgstat.ru/,seed v2 discovery lane for Telegram photo sources; profile probe required before monitoring,source graph expansion; not auto-monitored,catalog/search placeholder; requires profile probe and manual acceptance,seed_candidate,false,unknown,v2 disabled seed; do not monitor until probed,true,false,true,telegram_catalog_expansion,,seed_candidate
v2_154,telegram,Telegram russia_travel discovery candidate 124,,https://tgstat.ru/search?query=russia_travel+%D0%9A%D0%B0%D0%BB%D0%B8%D0%BD%D0%B8%D0%BD%D0%B3%D1%80%D0%B0%D0%B4,travel_media,mixed,3,catalog_seed,https://tgstat.ru/,seed v2 discovery lane for Telegram russia_travel sources; profile probe required before monitoring,source graph expansion; not auto-monitored,catalog/search placeholder; requires profile probe and manual acceptance,seed_candidate,false,unknown,v2 disabled seed; do not monitor until probed,true,false,true,telegram_catalog_expansion,,seed_candidate
v2_155,telegram,Telegram author discovery candidate 125,,https://tgstat.ru/search?query=author+%D0%9A%D0%B0%D0%BB%D0%B8%D0%BD%D0%B8%D0%BD%D0%B3%D1%80%D0%B0%D0%B4,author_channel,mixed,3,catalog_seed,https://tgstat.ru/,seed v2 discovery lane for Telegram author sources; profile probe required before monitoring,source graph expansion; not auto-monitored,catalog/search placeholder; requires profile probe and manual acceptance,seed_candidate,false,unknown,v2 disabled seed; do not monitor until probed,true,false,true,telegram_catalog_expansion,,seed_candidate
v2_156,telegram,Telegram nature discovery candidate 126,,https://tgstat.ru/search?query=nature+%D0%9A%D0%B0%D0%BB%D0%B8%D0%BD%D0%B8%D0%BD%D0%B3%D1%80%D0%B0%D0%B4,catalog,mixed,3,catalog_seed,https://tgstat.ru/,seed v2 discovery lane for Telegram nature sources; profile probe required before monitoring,source graph expansion; not auto-monitored,catalog/search placeholder; requires profile probe and manual acceptance,seed_candidate,false,unknown,v2 disabled seed; do not monitor until probed,true,false,true,telegram_catalog_expansion,,seed_candidate
v2_157,telegram,Telegram architecture discovery candidate 127,,https://tgstat.ru/search?query=architecture+%D0%9A%D0%B0%D0%BB%D0%B8%D0%BD%D0%B8%D0%BD%D0%B3%D1%80%D0%B0%D0%B4,travel_media,mixed,3,catalog_seed,https://tgstat.ru/,seed v2 discovery lane for Telegram architecture sources; profile probe required before monitoring,source graph expansion; not auto-monitored,catalog/search placeholder; requires profile probe and manual acceptance,seed_candidate,false,unknown,v2 disabled seed; do not monitor until probed,true,false,true,telegram_catalog_expansion,,seed_candidate
v2_158,telegram,Telegram history discovery candidate 128,,https://tgstat.ru/search?query=history+%D0%9A%D0%B0%D0%BB%D0%B8%D0%BD%D0%B8%D0%BD%D0%B3%D1%80%D0%B0%D0%B4,travel_media,mixed,3,catalog_seed,https://tgstat.ru/,seed v2 discovery lane for Telegram history sources; profile probe required before monitoring,source graph expansion; not auto-monitored,catalog/search placeholder; requires profile probe and manual acceptance,seed_candidate,false,unknown,v2 disabled seed; do not monitor until probed,true,false,true,telegram_catalog_expansion,,seed_candidate
v2_159,telegram,Telegram weekend discovery candidate 129,,https://tgstat.ru/search?query=weekend+%D0%9A%D0%B0%D0%BB%D0%B8%D0%BD%D0%B8%D0%BD%D0%B3%D1%80%D0%B0%D0%B4,travel_media,mixed,3,catalog_seed,https://tgstat.ru/,seed v2 discovery lane for Telegram weekend sources; profile probe required before monitoring,source graph expansion; not auto-monitored,catalog/search placeholder; requires profile probe and manual acceptance,seed_candidate,false,unknown,v2 disabled seed; do not monitor until probed,true,false,true,telegram_catalog_expansion,,seed_candidate
v2_160,telegram,Telegram roadtrip discovery candidate 130,,https://tgstat.ru/search?query=roadtrip+%D0%9A%D0%B0%D0%BB%D0%B8%D0%BD%D0%B8%D0%BD%D0%B3%D1%80%D0%B0%D0%B4,travel_media,mixed,3,catalog_seed,https://tgstat.ru/,seed v2 discovery lane for Telegram roadtrip sources; profile probe required before monitoring,source graph expansion; not auto-monitored,catalog/search placeholder; requires profile probe and manual acceptance,seed_candidate,false,unknown,v2 disabled seed; do not monitor until probed,true,false,true,telegram_catalog_expansion,,seed_candidate
v2_161,telegram,Telegram local_story discovery candidate 131,,https://tgstat.ru/search?query=local_story+%D0%9A%D0%B0%D0%BB%D0%B8%D0%BD%D0%B8%D0%BD%D0%B3%D1%80%D0%B0%D0%B4,catalog,mixed,3,catalog_seed,https://tgstat.ru/,seed v2 discovery lane for Telegram local_story sources; profile probe required before monitoring,source graph expansion; not auto-monitored,catalog/search placeholder; requires profile probe and manual acceptance,seed_candidate,false,unknown,v2 disabled seed; do not monitor until probed,true,false,true,telegram_catalog_expansion,,seed_candidate
v2_162,telegram,Telegram outdoor discovery candidate 132,,https://tgstat.ru/search?query=outdoor+%D0%9A%D0%B0%D0%BB%D0%B8%D0%BD%D0%B8%D0%BD%D0%B3%D1%80%D0%B0%D0%B4,travel_media,mixed,3,catalog_seed,https://tgstat.ru/,seed v2 discovery lane for Telegram outdoor sources; profile probe required before monitoring,source graph expansion; not auto-monitored,catalog/search placeholder; requires profile probe and manual acceptance,seed_candidate,false,unknown,v2 disabled seed; do not monitor until probed,true,false,true,telegram_catalog_expansion,,seed_candidate
v2_163,telegram,Telegram coast discovery candidate 133,,https://tgstat.ru/search?query=coast+%D0%9A%D0%B0%D0%BB%D0%B8%D0%BD%D0%B8%D0%BD%D0%B3%D1%80%D0%B0%D0%B4,travel_media,mixed,3,catalog_seed,https://tgstat.ru/,seed v2 discovery lane for Telegram coast sources; profile probe required before monitoring,source graph expansion; not auto-monitored,catalog/search placeholder; requires profile probe and manual acceptance,seed_candidate,false,unknown,v2 disabled seed; do not monitor until probed,true,false,true,telegram_catalog_expansion,,seed_candidate
v2_164,telegram,Telegram museum discovery candidate 134,,https://tgstat.ru/search?query=museum+%D0%9A%D0%B0%D0%BB%D0%B8%D0%BD%D0%B8%D0%BD%D0%B3%D1%80%D0%B0%D0%B4,travel_media,mixed,3,catalog_seed,https://tgstat.ru/,seed v2 discovery lane for Telegram museum sources; profile probe required before monitoring,source graph expansion; not auto-monitored,catalog/search placeholder; requires profile probe and manual acceptance,seed_candidate,false,unknown,v2 disabled seed; do not monitor until probed,true,false,true,telegram_catalog_expansion,,seed_candidate
v2_165,telegram,Telegram heritage discovery candidate 135,,https://tgstat.ru/search?query=heritage+%D0%9A%D0%B0%D0%BB%D0%B8%D0%BD%D0%B8%D0%BD%D0%B3%D1%80%D0%B0%D0%B4,travel_media,mixed,3,catalog_seed,https://tgstat.ru/,seed v2 discovery lane for Telegram heritage sources; profile probe required before monitoring,source graph expansion; not auto-monitored,catalog/search placeholder; requires profile probe and manual acceptance,seed_candidate,false,unknown,v2 disabled seed; do not monitor until probed,true,false,true,telegram_catalog_expansion,,seed_candidate
v2_166,telegram,Telegram travel discovery candidate 136,,https://tgstat.ru/search?query=travel+%D0%9A%D0%B0%D0%BB%D0%B8%D0%BD%D0%B8%D0%BD%D0%B3%D1%80%D0%B0%D0%B4,catalog,mixed,3,catalog_seed,https://tgstat.ru/,seed v2 discovery lane for Telegram travel sources; profile probe required before monitoring,source graph expansion; not auto-monitored,catalog/search placeholder; requires profile probe and manual acceptance,seed_candidate,false,unknown,v2 disabled seed; do not monitor until probed,true,false,true,telegram_catalog_expansion,,seed_candidate
v2_167,telegram,Telegram route discovery candidate 137,,https://tgstat.ru/search?query=route+%D0%9A%D0%B0%D0%BB%D0%B8%D0%BD%D0%B8%D0%BD%D0%B3%D1%80%D0%B0%D0%B4,travel_media,mixed,3,catalog_seed,https://tgstat.ru/,seed v2 discovery lane for Telegram route sources; profile probe required before monitoring,source graph expansion; not auto-monitored,catalog/search placeholder; requires profile probe and manual acceptance,seed_candidate,false,unknown,v2 disabled seed; do not monitor until probed,true,false,true,telegram_catalog_expansion,,seed_candidate
v2_168,telegram,Telegram photo discovery candidate 138,,https://tgstat.ru/search?query=photo+%D0%9A%D0%B0%D0%BB%D0%B8%D0%BD%D0%B8%D0%BD%D0%B3%D1%80%D0%B0%D0%B4,travel_media,mixed,3,catalog_seed,https://tgstat.ru/,seed v2 discovery lane for Telegram photo sources; profile probe required before monitoring,source graph expansion; not auto-monitored,catalog/search placeholder; requires profile probe and manual acceptance,seed_candidate,false,unknown,v2 disabled seed; do not monitor until probed,true,false,true,telegram_catalog_expansion,,seed_candidate
v2_169,telegram,Telegram russia_travel discovery candidate 139,,https://tgstat.ru/search?query=russia_travel+%D0%9A%D0%B0%D0%BB%D0%B8%D0%BD%D0%B8%D0%BD%D0%B3%D1%80%D0%B0%D0%B4,travel_media,mixed,3,catalog_seed,https://tgstat.ru/,seed v2 discovery lane for Telegram russia_travel sources; profile probe required before monitoring,source graph expansion; not auto-monitored,catalog/search placeholder; requires profile probe and manual acceptance,seed_candidate,false,unknown,v2 disabled seed; do not monitor until probed,true,false,true,telegram_catalog_expansion,,seed_candidate
v2_170,telegram,Telegram author discovery candidate 140,,https://tgstat.ru/search?query=author+%D0%9A%D0%B0%D0%BB%D0%B8%D0%BD%D0%B8%D0%BD%D0%B3%D1%80%D0%B0%D0%B4,author_channel,mixed,3,catalog_seed,https://tgstat.ru/,seed v2 discovery lane for Telegram author sources; profile probe required before monitoring,source graph expansion; not auto-monitored,catalog/search placeholder; requires profile probe and manual acceptance,seed_candidate,false,unknown,v2 disabled seed; do not monitor until probed,true,false,true,telegram_catalog_expansion,,seed_candidate
v2_171,telegram,Telegram nature discovery candidate 141,,https://tgstat.ru/search?query=nature+%D0%9A%D0%B0%D0%BB%D0%B8%D0%BD%D0%B8%D0%BD%D0%B3%D1%80%D0%B0%D0%B4,catalog,mixed,3,catalog_seed,https://tgstat.ru/,seed v2 discovery lane for Telegram nature sources; profile probe required before monitoring,source graph expansion; not auto-monitored,catalog/search placeholder; requires profile probe and manual acceptance,seed_candidate,false,unknown,v2 disabled seed; do not monitor until probed,true,false,true,telegram_catalog_expansion,,seed_candidate
v2_172,telegram,Telegram architecture discovery candidate 142,,https://tgstat.ru/search?query=architecture+%D0%9A%D0%B0%D0%BB%D0%B8%D0%BD%D0%B8%D0%BD%D0%B3%D1%80%D0%B0%D0%B4,travel_media,mixed,3,catalog_seed,https://tgstat.ru/,seed v2 discovery lane for Telegram architecture sources; profile probe required before monitoring,source graph expansion; not auto-monitored,catalog/search placeholder; requires profile probe and manual acceptance,seed_candidate,false,unknown,v2 disabled seed; do not monitor until probed,true,false,true,telegram_catalog_expansion,,seed_candidate
v2_173,telegram,Telegram history discovery candidate 143,,https://tgstat.ru/search?query=history+%D0%9A%D0%B0%D0%BB%D0%B8%D0%BD%D0%B8%D0%BD%D0%B3%D1%80%D0%B0%D0%B4,travel_media,mixed,3,catalog_seed,https://tgstat.ru/,seed v2 discovery lane for Telegram history sources; profile probe required before monitoring,source graph expansion; not auto-monitored,catalog/search placeholder; requires profile probe and manual acceptance,seed_candidate,false,unknown,v2 disabled seed; do not monitor until probed,true,false,true,telegram_catalog_expansion,,seed_candidate
v2_174,telegram,Telegram weekend discovery candidate 144,,https://tgstat.ru/search?query=weekend+%D0%9A%D0%B0%D0%BB%D0%B8%D0%BD%D0%B8%D0%BD%D0%B3%D1%80%D0%B0%D0%B4,travel_media,mixed,3,catalog_seed,https://tgstat.ru/,seed v2 discovery lane for Telegram weekend sources; profile probe required before monitoring,source graph expansion; not auto-monitored,catalog/search placeholder; requires profile probe and manual acceptance,seed_candidate,false,unknown,v2 disabled seed; do not monitor until probed,true,false,true,telegram_catalog_expansion,,seed_candidate
v2_175,telegram,Telegram roadtrip discovery candidate 145,,https://tgstat.ru/search?query=roadtrip+%D0%9A%D0%B0%D0%BB%D0%B8%D0%BD%D0%B8%D0%BD%D0%B3%D1%80%D0%B0%D0%B4,travel_media,mixed,3,catalog_seed,https://tgstat.ru/,seed v2 discovery lane for Telegram roadtrip sources; profile probe required before monitoring,source graph expansion; not auto-monitored,catalog/search placeholder; requires profile probe and manual acceptance,seed_candidate,false,unknown,v2 disabled seed; do not monitor until probed,true,false,true,telegram_catalog_expansion,,seed_candidate
v2_176,telegram,Telegram local_story discovery candidate 146,,https://tgstat.ru/search?query=local_story+%D0%9A%D0%B0%D0%BB%D0%B8%D0%BD%D0%B8%D0%BD%D0%B3%D1%80%D0%B0%D0%B4,catalog,mixed,3,catalog_seed,https://tgstat.ru/,seed v2 discovery lane for Telegram local_story sources; profile probe required before monitoring,source graph expansion; not auto-monitored,catalog/search placeholder; requires profile probe and manual acceptance,seed_candidate,false,unknown,v2 disabled seed; do not monitor until probed,true,false,true,telegram_catalog_expansion,,seed_candidate
v2_177,telegram,Telegram outdoor discovery candidate 147,,https://tgstat.ru/search?query=outdoor+%D0%9A%D0%B0%D0%BB%D0%B8%D0%BD%D0%B8%D0%BD%D0%B3%D1%80%D0%B0%D0%B4,travel_media,mixed,3,catalog_seed,https://tgstat.ru/,seed v2 discovery lane for Telegram outdoor sources; profile probe required before monitoring,source graph expansion; not auto-monitored,catalog/search placeholder; requires profile probe and manual acceptance,seed_candidate,false,unknown,v2 disabled seed; do not monitor until probed,true,false,true,telegram_catalog_expansion,,seed_candidate
v2_178,telegram,Telegram coast discovery candidate 148,,https://tgstat.ru/search?query=coast+%D0%9A%D0%B0%D0%BB%D0%B8%D0%BD%D0%B8%D0%BD%D0%B3%D1%80%D0%B0%D0%B4,travel_media,mixed,3,catalog_seed,https://tgstat.ru/,seed v2 discovery lane for Telegram coast sources; profile probe required before monitoring,source graph expansion; not auto-monitored,catalog/search placeholder; requires profile probe and manual acceptance,seed_candidate,false,unknown,v2 disabled seed; do not monitor until probed,true,false,true,telegram_catalog_expansion,,seed_candidate
v2_179,telegram,Telegram museum discovery candidate 149,,https://tgstat.ru/search?query=museum+%D0%9A%D0%B0%D0%BB%D0%B8%D0%BD%D0%B8%D0%BD%D0%B3%D1%80%D0%B0%D0%B4,travel_media,mixed,3,catalog_seed,https://tgstat.ru/,seed v2 discovery lane for Telegram museum sources; profile probe required before monitoring,source graph expansion; not auto-monitored,catalog/search placeholder; requires profile probe and manual acceptance,seed_candidate,false,unknown,v2 disabled seed; do not monitor until probed,true,false,true,telegram_catalog_expansion,,seed_candidate
v2_180,telegram,Telegram heritage discovery candidate 150,,https://tgstat.ru/search?query=heritage+%D0%9A%D0%B0%D0%BB%D0%B8%D0%BD%D0%B8%D0%BD%D0%B3%D1%80%D0%B0%D0%B4,travel_media,mixed,3,catalog_seed,https://tgstat.ru/,seed v2 discovery lane for Telegram heritage sources; profile probe required before monitoring,source graph expansion; not auto-monitored,catalog/search placeholder; requires profile probe and manual acceptance,seed_candidate,false,unknown,v2 disabled seed; do not monitor until probed,true,false,true,telegram_catalog_expansion,,seed_candidate
v2_181,vk,VK wall travel discovery candidate 001,,https://vk.com/search?c%5Bq%5D=travel%20%D0%9A%D0%B0%D0%BB%D0%B8%D0%BD%D0%B8%D0%BD%D0%B3%D1%80%D0%B0%D0%B4&c%5Bsection%5D=communities,discovery_hub,mixed,3,catalog_seed,https://vk.com/search,seed v2 VK public/group wall discovery; VK Video is auxiliary only,identify VK public/group wall sources with text+photos,search/catalog row; no automatic monitoring; public/group wall priority required,seed_candidate,false,unknown,"v2 disabled VK seed; wall posts preferred, comments only for links",true,false,true,vk_wall_catalog_expansion,,seed_candidate
v2_182,vk,VK wall photo discovery candidate 002,,https://vk.com/search?c%5Bq%5D=photo%20%D0%9A%D0%B0%D0%BB%D0%B8%D0%BD%D0%B8%D0%BD%D0%B3%D1%80%D0%B0%D0%B4&c%5Bsection%5D=communities,travel_media,mixed,3,catalog_seed,https://vk.com/search,seed v2 VK public/group wall discovery; VK Video is auxiliary only,identify VK public/group wall sources with text+photos,search/catalog row; no automatic monitoring; public/group wall priority required,seed_candidate,false,unknown,"v2 disabled VK seed; wall posts preferred, comments only for links",true,false,true,vk_wall_catalog_expansion,,seed_candidate
v2_183,vk,VK wall places discovery candidate 003,,https://vk.com/search?c%5Bq%5D=places%20%D0%9A%D0%B0%D0%BB%D0%B8%D0%BD%D0%B8%D0%BD%D0%B3%D1%80%D0%B0%D0%B4&c%5Bsection%5D=communities,travel_media,mixed,3,catalog_seed,https://vk.com/search,seed v2 VK public/group wall discovery; VK Video is auxiliary only,identify VK public/group wall sources with text+photos,search/catalog row; no automatic monitoring; public/group wall priority required,seed_candidate,false,unknown,"v2 disabled VK seed; wall posts preferred, comments only for links",true,false,true,vk_wall_catalog_expansion,,seed_candidate
v2_184,vk,VK wall russia_travel discovery candidate 004,,https://vk.com/search?c%5Bq%5D=russia_travel%20%D0%9A%D0%B0%D0%BB%D0%B8%D0%BD%D0%B8%D0%BD%D0%B3%D1%80%D0%B0%D0%B4&c%5Bsection%5D=communities,travel_media,mixed,3,catalog_seed,https://vk.com/search,seed v2 VK public/group wall discovery; VK Video is auxiliary only,identify VK public/group wall sources with text+photos,search/catalog row; no automatic monitoring; public/group wall priority required,seed_candidate,false,unknown,"v2 disabled VK seed; wall posts preferred, comments only for links",true,false,true,vk_wall_catalog_expansion,,seed_candidate
v2_185,vk,VK wall nature discovery candidate 005,,https://vk.com/search?c%5Bq%5D=nature%20%D0%9A%D0%B0%D0%BB%D0%B8%D0%BD%D0%B8%D0%BD%D0%B3%D1%80%D0%B0%D0%B4&c%5Bsection%5D=communities,travel_media,mixed,3,catalog_seed,https://vk.com/search,seed v2 VK public/group wall discovery; VK Video is auxiliary only,identify VK public/group wall sources with text+photos,search/catalog row; no automatic monitoring; public/group wall priority required,seed_candidate,false,unknown,"v2 disabled VK seed; wall posts preferred, comments only for links",true,false,true,vk_wall_catalog_expansion,,seed_candidate
v2_186,vk,VK wall outdoor discovery candidate 006,,https://vk.com/search?c%5Bq%5D=outdoor%20%D0%9A%D0%B0%D0%BB%D0%B8%D0%BD%D0%B8%D0%BD%D0%B3%D1%80%D0%B0%D0%B4&c%5Bsection%5D=communities,travel_media,mixed,3,catalog_seed,https://vk.com/search,seed v2 VK public/group wall discovery; VK Video is auxiliary only,identify VK public/group wall sources with text+photos,search/catalog row; no automatic monitoring; public/group wall priority required,seed_candidate,false,unknown,"v2 disabled VK seed; wall posts preferred, comments only for links",true,false,true,vk_wall_catalog_expansion,,seed_candidate
v2_187,vk,VK wall architecture discovery candidate 007,,https://vk.com/search?c%5Bq%5D=architecture%20%D0%9A%D0%B0%D0%BB%D0%B8%D0%BD%D0%B8%D0%BD%D0%B3%D1%80%D0%B0%D0%B4&c%5Bsection%5D=communities,discovery_hub,mixed,3,catalog_seed,https://vk.com/search,seed v2 VK public/group wall discovery; VK Video is auxiliary only,identify VK public/group wall sources with text+photos,search/catalog row; no automatic monitoring; public/group wall priority required,seed_candidate,false,unknown,"v2 disabled VK seed; wall posts preferred, comments only for links",true,false,true,vk_wall_catalog_expansion,,seed_candidate
v2_188,vk,VK wall history discovery candidate 008,,https://vk.com/search?c%5Bq%5D=history%20%D0%9A%D0%B0%D0%BB%D0%B8%D0%BD%D0%B8%D0%BD%D0%B3%D1%80%D0%B0%D0%B4&c%5Bsection%5D=communities,travel_media,mixed,3,catalog_seed,https://vk.com/search,seed v2 VK public/group wall discovery; VK Video is auxiliary only,identify VK public/group wall sources with text+photos,search/catalog row; no automatic monitoring; public/group wall priority required,seed_candidate,false,unknown,"v2 disabled VK seed; wall posts preferred, comments only for links",true,false,true,vk_wall_catalog_expansion,,seed_candidate
v2_189,vk,VK wall route discovery candidate 009,,https://vk.com/search?c%5Bq%5D=route%20%D0%9A%D0%B0%D0%BB%D0%B8%D0%BD%D0%B8%D0%BD%D0%B3%D1%80%D0%B0%D0%B4&c%5Bsection%5D=communities,travel_media,mixed,3,catalog_seed,https://vk.com/search,seed v2 VK public/group wall discovery; VK Video is auxiliary only,identify VK public/group wall sources with text+photos,search/catalog row; no automatic monitoring; public/group wall priority required,seed_candidate,false,unknown,"v2 disabled VK seed; wall posts preferred, comments only for links",true,false,true,vk_wall_catalog_expansion,,seed_candidate
v2_190,vk,VK wall local_media discovery candidate 010,,https://vk.com/search?c%5Bq%5D=local_media%20%D0%9A%D0%B0%D0%BB%D0%B8%D0%BD%D0%B8%D0%BD%D0%B3%D1%80%D0%B0%D0%B4&c%5Bsection%5D=communities,travel_media,mixed,3,catalog_seed,https://vk.com/search,seed v2 VK public/group wall discovery; VK Video is auxiliary only,identify VK public/group wall sources with text+photos,search/catalog row; no automatic monitoring; public/group wall priority required,seed_candidate,false,unknown,"v2 disabled VK seed; wall posts preferred, comments only for links",true,false,true,vk_wall_catalog_expansion,,seed_candidate
v2_191,vk,VK wall tourism discovery candidate 011,,https://vk.com/search?c%5Bq%5D=tourism%20%D0%9A%D0%B0%D0%BB%D0%B8%D0%BD%D0%B8%D0%BD%D0%B3%D1%80%D0%B0%D0%B4&c%5Bsection%5D=communities,travel_media,mixed,3,catalog_seed,https://vk.com/search,seed v2 VK public/group wall discovery; VK Video is auxiliary only,identify VK public/group wall sources with text+photos,search/catalog row; no automatic monitoring; public/group wall priority required,seed_candidate,false,unknown,"v2 disabled VK seed; wall posts preferred, comments only for links",true,false,true,vk_wall_catalog_expansion,,seed_candidate
v2_192,vk,VK wall coast discovery candidate 012,,https://vk.com/search?c%5Bq%5D=coast%20%D0%9A%D0%B0%D0%BB%D0%B8%D0%BD%D0%B8%D0%BD%D0%B3%D1%80%D0%B0%D0%B4&c%5Bsection%5D=communities,travel_media,mixed,3,catalog_seed,https://vk.com/search,seed v2 VK public/group wall discovery; VK Video is auxiliary only,identify VK public/group wall sources with text+photos,search/catalog row; no automatic monitoring; public/group wall priority required,seed_candidate,false,unknown,"v2 disabled VK seed; wall posts preferred, comments only for links",true,false,true,vk_wall_catalog_expansion,,seed_candidate
v2_193,vk,VK wall travel discovery candidate 013,,https://vk.com/search?c%5Bq%5D=travel%20%D0%9A%D0%B0%D0%BB%D0%B8%D0%BD%D0%B8%D0%BD%D0%B3%D1%80%D0%B0%D0%B4&c%5Bsection%5D=communities,discovery_hub,mixed,3,catalog_seed,https://vk.com/search,seed v2 VK public/group wall discovery; VK Video is auxiliary only,identify VK public/group wall sources with text+photos,search/catalog row; no automatic monitoring; public/group wall priority required,seed_candidate,false,unknown,"v2 disabled VK seed; wall posts preferred, comments only for links",true,false,true,vk_wall_catalog_expansion,,seed_candidate
v2_194,vk,VK wall photo discovery candidate 014,,https://vk.com/search?c%5Bq%5D=photo%20%D0%9A%D0%B0%D0%BB%D0%B8%D0%BD%D0%B8%D0%BD%D0%B3%D1%80%D0%B0%D0%B4&c%5Bsection%5D=communities,travel_media,mixed,3,catalog_seed,https://vk.com/search,seed v2 VK public/group wall discovery; VK Video is auxiliary only,identify VK public/group wall sources with text+photos,search/catalog row; no automatic monitoring; public/group wall priority required,seed_candidate,false,unknown,"v2 disabled VK seed; wall posts preferred, comments only for links",true,false,true,vk_wall_catalog_expansion,,seed_candidate
v2_195,vk,VK wall places discovery candidate 015,,https://vk.com/search?c%5Bq%5D=places%20%D0%9A%D0%B0%D0%BB%D0%B8%D0%BD%D0%B8%D0%BD%D0%B3%D1%80%D0%B0%D0%B4&c%5Bsection%5D=communities,travel_media,mixed,3,catalog_seed,https://vk.com/search,seed v2 VK public/group wall discovery; VK Video is auxiliary only,identify VK public/group wall sources with text+photos,search/catalog row; no automatic monitoring; public/group wall priority required,seed_candidate,false,unknown,"v2 disabled VK seed; wall posts preferred, comments only for links",true,false,true,vk_wall_catalog_expansion,,seed_candidate
v2_196,vk,VK wall russia_travel discovery candidate 016,,https://vk.com/search?c%5Bq%5D=russia_travel%20%D0%9A%D0%B0%D0%BB%D0%B8%D0%BD%D0%B8%D0%BD%D0%B3%D1%80%D0%B0%D0%B4&c%5Bsection%5D=communities,travel_media,mixed,3,catalog_seed,https://vk.com/search,seed v2 VK public/group wall discovery; VK Video is auxiliary only,identify VK public/group wall sources with text+photos,search/catalog row; no automatic monitoring; public/group wall priority required,seed_candidate,false,unknown,"v2 disabled VK seed; wall posts preferred, comments only for links",true,false,true,vk_wall_catalog_expansion,,seed_candidate
v2_197,vk,VK wall nature discovery candidate 017,,https://vk.com/search?c%5Bq%5D=nature%20%D0%9A%D0%B0%D0%BB%D0%B8%D0%BD%D0%B8%D0%BD%D0%B3%D1%80%D0%B0%D0%B4&c%5Bsection%5D=communities,travel_media,mixed,3,catalog_seed,https://vk.com/search,seed v2 VK public/group wall discovery; VK Video is auxiliary only,identify VK public/group wall sources with text+photos,search/catalog row; no automatic monitoring; public/group wall priority required,seed_candidate,false,unknown,"v2 disabled VK seed; wall posts preferred, comments only for links",true,false,true,vk_wall_catalog_expansion,,seed_candidate
v2_198,vk,VK wall outdoor discovery candidate 018,,https://vk.com/search?c%5Bq%5D=outdoor%20%D0%9A%D0%B0%D0%BB%D0%B8%D0%BD%D0%B8%D0%BD%D0%B3%D1%80%D0%B0%D0%B4&c%5Bsection%5D=communities,travel_media,mixed,3,catalog_seed,https://vk.com/search,seed v2 VK public/group wall discovery; VK Video is auxiliary only,identify VK public/group wall sources with text+photos,search/catalog row; no automatic monitoring; public/group wall priority required,seed_candidate,false,unknown,"v2 disabled VK seed; wall posts preferred, comments only for links",true,false,true,vk_wall_catalog_expansion,,seed_candidate
v2_199,vk,VK wall architecture discovery candidate 019,,https://vk.com/search?c%5Bq%5D=architecture%20%D0%9A%D0%B0%D0%BB%D0%B8%D0%BD%D0%B8%D0%BD%D0%B3%D1%80%D0%B0%D0%B4&c%5Bsection%5D=communities,discovery_hub,mixed,3,catalog_seed,https://vk.com/search,seed v2 VK public/group wall discovery; VK Video is auxiliary only,identify VK public/group wall sources with text+photos,search/catalog row; no automatic monitoring; public/group wall priority required,seed_candidate,false,unknown,"v2 disabled VK seed; wall posts preferred, comments only for links",true,false,true,vk_wall_catalog_expansion,,seed_candidate
v2_200,vk,VK wall history discovery candidate 020,,https://vk.com/search?c%5Bq%5D=history%20%D0%9A%D0%B0%D0%BB%D0%B8%D0%BD%D0%B8%D0%BD%D0%B3%D1%80%D0%B0%D0%B4&c%5Bsection%5D=communities,travel_media,mixed,3,catalog_seed,https://vk.com/search,seed v2 VK public/group wall discovery; VK Video is auxiliary only,identify VK public/group wall sources with text+photos,search/catalog row; no automatic monitoring; public/group wall priority required,seed_candidate,false,unknown,"v2 disabled VK seed; wall posts preferred, comments only for links",true,false,true,vk_wall_catalog_expansion,,seed_candidate
v2_201,vk,VK wall route discovery candidate 021,,https://vk.com/search?c%5Bq%5D=route%20%D0%9A%D0%B0%D0%BB%D0%B8%D0%BD%D0%B8%D0%BD%D0%B3%D1%80%D0%B0%D0%B4&c%5Bsection%5D=communities,travel_media,mixed,3,catalog_seed,https://vk.com/search,seed v2 VK public/group wall discovery; VK Video is auxiliary only,identify VK public/group wall sources with text+photos,search/catalog row; no automatic monitoring; public/group wall priority required,seed_candidate,false,unknown,"v2 disabled VK seed; wall posts preferred, comments only for links",true,false,true,vk_wall_catalog_expansion,,seed_candidate
v2_202,vk,VK wall local_media discovery candidate 022,,https://vk.com/search?c%5Bq%5D=local_media%20%D0%9A%D0%B0%D0%BB%D0%B8%D0%BD%D0%B8%D0%BD%D0%B3%D1%80%D0%B0%D0%B4&c%5Bsection%5D=communities,travel_media,mixed,3,catalog_seed,https://vk.com/search,seed v2 VK public/group wall discovery; VK Video is auxiliary only,identify VK public/group wall sources with text+photos,search/catalog row; no automatic monitoring; public/group wall priority required,seed_candidate,false,unknown,"v2 disabled VK seed; wall posts preferred, comments only for links",true,false,true,vk_wall_catalog_expansion,,seed_candidate
v2_203,vk,VK wall tourism discovery candidate 023,,https://vk.com/search?c%5Bq%5D=tourism%20%D0%9A%D0%B0%D0%BB%D0%B8%D0%BD%D0%B8%D0%BD%D0%B3%D1%80%D0%B0%D0%B4&c%5Bsection%5D=communities,travel_media,mixed,3,catalog_seed,https://vk.com/search,seed v2 VK public/group wall discovery; VK Video is auxiliary only,identify VK public/group wall sources with text+photos,search/catalog row; no automatic monitoring; public/group wall priority required,seed_candidate,false,unknown,"v2 disabled VK seed; wall posts preferred, comments only for links",true,false,true,vk_wall_catalog_expansion,,seed_candidate
v2_204,vk,VK wall coast discovery candidate 024,,https://vk.com/search?c%5Bq%5D=coast%20%D0%9A%D0%B0%D0%BB%D0%B8%D0%BD%D0%B8%D0%BD%D0%B3%D1%80%D0%B0%D0%B4&c%5Bsection%5D=communities,travel_media,mixed,3,catalog_seed,https://vk.com/search,seed v2 VK public/group wall discovery; VK Video is auxiliary only,identify VK public/group wall sources with text+photos,search/catalog row; no automatic monitoring; public/group wall priority required,seed_candidate,false,unknown,"v2 disabled VK seed; wall posts preferred, comments only for links",true,false,true,vk_wall_catalog_expansion,,seed_candidate
v2_205,vk,VK wall travel discovery candidate 025,,https://vk.com/search?c%5Bq%5D=travel%20%D0%9A%D0%B0%D0%BB%D0%B8%D0%BD%D0%B8%D0%BD%D0%B3%D1%80%D0%B0%D0%B4&c%5Bsection%5D=communities,discovery_hub,mixed,3,catalog_seed,https://vk.com/search,seed v2 VK public/group wall discovery; VK Video is auxiliary only,identify VK public/group wall sources with text+photos,search/catalog row; no automatic monitoring; public/group wall priority required,seed_candidate,false,unknown,"v2 disabled VK seed; wall posts preferred, comments only for links",true,false,true,vk_wall_catalog_expansion,,seed_candidate
v2_206,vk,VK wall photo discovery candidate 026,,https://vk.com/search?c%5Bq%5D=photo%20%D0%9A%D0%B0%D0%BB%D0%B8%D0%BD%D0%B8%D0%BD%D0%B3%D1%80%D0%B0%D0%B4&c%5Bsection%5D=communities,travel_media,mixed,3,catalog_seed,https://vk.com/search,seed v2 VK public/group wall discovery; VK Video is auxiliary only,identify VK public/group wall sources with text+photos,search/catalog row; no automatic monitoring; public/group wall priority required,seed_candidate,false,unknown,"v2 disabled VK seed; wall posts preferred, comments only for links",true,false,true,vk_wall_catalog_expansion,,seed_candidate
v2_207,vk,VK wall places discovery candidate 027,,https://vk.com/search?c%5Bq%5D=places%20%D0%9A%D0%B0%D0%BB%D0%B8%D0%BD%D0%B8%D0%BD%D0%B3%D1%80%D0%B0%D0%B4&c%5Bsection%5D=communities,travel_media,mixed,3,catalog_seed,https://vk.com/search,seed v2 VK public/group wall discovery; VK Video is auxiliary only,identify VK public/group wall sources with text+photos,search/catalog row; no automatic monitoring; public/group wall priority required,seed_candidate,false,unknown,"v2 disabled VK seed; wall posts preferred, comments only for links",true,false,true,vk_wall_catalog_expansion,,seed_candidate
v2_208,vk,VK wall russia_travel discovery candidate 028,,https://vk.com/search?c%5Bq%5D=russia_travel%20%D0%9A%D0%B0%D0%BB%D0%B8%D0%BD%D0%B8%D0%BD%D0%B3%D1%80%D0%B0%D0%B4&c%5Bsection%5D=communities,travel_media,mixed,3,catalog_seed,https://vk.com/search,seed v2 VK public/group wall discovery; VK Video is auxiliary only,identify VK public/group wall sources with text+photos,search/catalog row; no automatic monitoring; public/group wall priority required,seed_candidate,false,unknown,"v2 disabled VK seed; wall posts preferred, comments only for links",true,false,true,vk_wall_catalog_expansion,,seed_candidate
v2_209,vk,VK wall nature discovery candidate 029,,https://vk.com/search?c%5Bq%5D=nature%20%D0%9A%D0%B0%D0%BB%D0%B8%D0%BD%D0%B8%D0%BD%D0%B3%D1%80%D0%B0%D0%B4&c%5Bsection%5D=communities,travel_media,mixed,3,catalog_seed,https://vk.com/search,seed v2 VK public/group wall discovery; VK Video is auxiliary only,identify VK public/group wall sources with text+photos,search/catalog row; no automatic monitoring; public/group wall priority required,seed_candidate,false,unknown,"v2 disabled VK seed; wall posts preferred, comments only for links",true,false,true,vk_wall_catalog_expansion,,seed_candidate
v2_210,vk,VK wall outdoor discovery candidate 030,,https://vk.com/search?c%5Bq%5D=outdoor%20%D0%9A%D0%B0%D0%BB%D0%B8%D0%BD%D0%B8%D0%BD%D0%B3%D1%80%D0%B0%D0%B4&c%5Bsection%5D=communities,travel_media,mixed,3,catalog_seed,https://vk.com/search,seed v2 VK public/group wall discovery; VK Video is auxiliary only,identify VK public/group wall sources with text+photos,search/catalog row; no automatic monitoring; public/group wall priority required,seed_candidate,false,unknown,"v2 disabled VK seed; wall posts preferred, comments only for links",true,false,true,vk_wall_catalog_expansion,,seed_candidate
v2_211,vk,VK wall architecture discovery candidate 031,,https://vk.com/search?c%5Bq%5D=architecture%20%D0%9A%D0%B0%D0%BB%D0%B8%D0%BD%D0%B8%D0%BD%D0%B3%D1%80%D0%B0%D0%B4&c%5Bsection%5D=communities,discovery_hub,mixed,3,catalog_seed,https://vk.com/search,seed v2 VK public/group wall discovery; VK Video is auxiliary only,identify VK public/group wall sources with text+photos,search/catalog row; no automatic monitoring; public/group wall priority required,seed_candidate,false,unknown,"v2 disabled VK seed; wall posts preferred, comments only for links",true,false,true,vk_wall_catalog_expansion,,seed_candidate
v2_212,vk,VK wall history discovery candidate 032,,https://vk.com/search?c%5Bq%5D=history%20%D0%9A%D0%B0%D0%BB%D0%B8%D0%BD%D0%B8%D0%BD%D0%B3%D1%80%D0%B0%D0%B4&c%5Bsection%5D=communities,travel_media,mixed,3,catalog_seed,https://vk.com/search,seed v2 VK public/group wall discovery; VK Video is auxiliary only,identify VK public/group wall sources with text+photos,search/catalog row; no automatic monitoring; public/group wall priority required,seed_candidate,false,unknown,"v2 disabled VK seed; wall posts preferred, comments only for links",true,false,true,vk_wall_catalog_expansion,,seed_candidate
v2_213,vk,VK wall route discovery candidate 033,,https://vk.com/search?c%5Bq%5D=route%20%D0%9A%D0%B0%D0%BB%D0%B8%D0%BD%D0%B8%D0%BD%D0%B3%D1%80%D0%B0%D0%B4&c%5Bsection%5D=communities,travel_media,mixed,3,catalog_seed,https://vk.com/search,seed v2 VK public/group wall discovery; VK Video is auxiliary only,identify VK public/group wall sources with text+photos,search/catalog row; no automatic monitoring; public/group wall priority required,seed_candidate,false,unknown,"v2 disabled VK seed; wall posts preferred, comments only for links",true,false,true,vk_wall_catalog_expansion,,seed_candidate
v2_214,vk,VK wall local_media discovery candidate 034,,https://vk.com/search?c%5Bq%5D=local_media%20%D0%9A%D0%B0%D0%BB%D0%B8%D0%BD%D0%B8%D0%BD%D0%B3%D1%80%D0%B0%D0%B4&c%5Bsection%5D=communities,travel_media,mixed,3,catalog_seed,https://vk.com/search,seed v2 VK public/group wall discovery; VK Video is auxiliary only,identify VK public/group wall sources with text+photos,search/catalog row; no automatic monitoring; public/group wall priority required,seed_candidate,false,unknown,"v2 disabled VK seed; wall posts preferred, comments only for links",true,false,true,vk_wall_catalog_expansion,,seed_candidate
v2_215,vk,VK wall tourism discovery candidate 035,,https://vk.com/search?c%5Bq%5D=tourism%20%D0%9A%D0%B0%D0%BB%D0%B8%D0%BD%D0%B8%D0%BD%D0%B3%D1%80%D0%B0%D0%B4&c%5Bsection%5D=communities,travel_media,mixed,3,catalog_seed,https://vk.com/search,seed v2 VK public/group wall discovery; VK Video is auxiliary only,identify VK public/group wall sources with text+photos,search/catalog row; no automatic monitoring; public/group wall priority required,seed_candidate,false,unknown,"v2 disabled VK seed; wall posts preferred, comments only for links",true,false,true,vk_wall_catalog_expansion,,seed_candidate
v2_216,vk,VK wall coast discovery candidate 036,,https://vk.com/search?c%5Bq%5D=coast%20%D0%9A%D0%B0%D0%BB%D0%B8%D0%BD%D0%B8%D0%BD%D0%B3%D1%80%D0%B0%D0%B4&c%5Bsection%5D=communities,travel_media,mixed,3,catalog_seed,https://vk.com/search,seed v2 VK public/group wall discovery; VK Video is auxiliary only,identify VK public/group wall sources with text+photos,search/catalog row; no automatic monitoring; public/group wall priority required,seed_candidate,false,unknown,"v2 disabled VK seed; wall posts preferred, comments only for links",true,false,true,vk_wall_catalog_expansion,,seed_candidate
v2_217,vk,VK wall travel discovery candidate 037,,https://vk.com/search?c%5Bq%5D=travel%20%D0%9A%D0%B0%D0%BB%D0%B8%D0%BD%D0%B8%D0%BD%D0%B3%D1%80%D0%B0%D0%B4&c%5Bsection%5D=communities,discovery_hub,mixed,3,catalog_seed,https://vk.com/search,seed v2 VK public/group wall discovery; VK Video is auxiliary only,identify VK public/group wall sources with text+photos,search/catalog row; no automatic monitoring; public/group wall priority required,seed_candidate,false,unknown,"v2 disabled VK seed; wall posts preferred, comments only for links",true,false,true,vk_wall_catalog_expansion,,seed_candidate
v2_218,vk,VK wall photo discovery candidate 038,,https://vk.com/search?c%5Bq%5D=photo%20%D0%9A%D0%B0%D0%BB%D0%B8%D0%BD%D0%B8%D0%BD%D0%B3%D1%80%D0%B0%D0%B4&c%5Bsection%5D=communities,travel_media,mixed,3,catalog_seed,https://vk.com/search,seed v2 VK public/group wall discovery; VK Video is auxiliary only,identify VK public/group wall sources with text+photos,search/catalog row; no automatic monitoring; public/group wall priority required,seed_candidate,false,unknown,"v2 disabled VK seed; wall posts preferred, comments only for links",true,false,true,vk_wall_catalog_expansion,,seed_candidate
v2_219,vk,VK wall places discovery candidate 039,,https://vk.com/search?c%5Bq%5D=places%20%D0%9A%D0%B0%D0%BB%D0%B8%D0%BD%D0%B8%D0%BD%D0%B3%D1%80%D0%B0%D0%B4&c%5Bsection%5D=communities,travel_media,mixed,3,catalog_seed,https://vk.com/search,seed v2 VK public/group wall discovery; VK Video is auxiliary only,identify VK public/group wall sources with text+photos,search/catalog row; no automatic monitoring; public/group wall priority required,seed_candidate,false,unknown,"v2 disabled VK seed; wall posts preferred, comments only for links",true,false,true,vk_wall_catalog_expansion,,seed_candidate
v2_220,vk,VK wall russia_travel discovery candidate 040,,https://vk.com/search?c%5Bq%5D=russia_travel%20%D0%9A%D0%B0%D0%BB%D0%B8%D0%BD%D0%B8%D0%BD%D0%B3%D1%80%D0%B0%D0%B4&c%5Bsection%5D=communities,travel_media,mixed,3,catalog_seed,https://vk.com/search,seed v2 VK public/group wall discovery; VK Video is auxiliary only,identify VK public/group wall sources with text+photos,search/catalog row; no automatic monitoring; public/group wall priority required,seed_candidate,false,unknown,"v2 disabled VK seed; wall posts preferred, comments only for links",true,false,true,vk_wall_catalog_expansion,,seed_candidate
v2_221,vk,VK wall nature discovery candidate 041,,https://vk.com/search?c%5Bq%5D=nature%20%D0%9A%D0%B0%D0%BB%D0%B8%D0%BD%D0%B8%D0%BD%D0%B3%D1%80%D0%B0%D0%B4&c%5Bsection%5D=communities,travel_media,mixed,3,catalog_seed,https://vk.com/search,seed v2 VK public/group wall discovery; VK Video is auxiliary only,identify VK public/group wall sources with text+photos,search/catalog row; no automatic monitoring; public/group wall priority required,seed_candidate,false,unknown,"v2 disabled VK seed; wall posts preferred, comments only for links",true,false,true,vk_wall_catalog_expansion,,seed_candidate
v2_222,vk,VK wall outdoor discovery candidate 042,,https://vk.com/search?c%5Bq%5D=outdoor%20%D0%9A%D0%B0%D0%BB%D0%B8%D0%BD%D0%B8%D0%BD%D0%B3%D1%80%D0%B0%D0%B4&c%5Bsection%5D=communities,travel_media,mixed,3,catalog_seed,https://vk.com/search,seed v2 VK public/group wall discovery; VK Video is auxiliary only,identify VK public/group wall sources with text+photos,search/catalog row; no automatic monitoring; public/group wall priority required,seed_candidate,false,unknown,"v2 disabled VK seed; wall posts preferred, comments only for links",true,false,true,vk_wall_catalog_expansion,,seed_candidate
v2_223,vk,VK wall architecture discovery candidate 043,,https://vk.com/search?c%5Bq%5D=architecture%20%D0%9A%D0%B0%D0%BB%D0%B8%D0%BD%D0%B8%D0%BD%D0%B3%D1%80%D0%B0%D0%B4&c%5Bsection%5D=communities,discovery_hub,mixed,3,catalog_seed,https://vk.com/search,seed v2 VK public/group wall discovery; VK Video is auxiliary only,identify VK public/group wall sources with text+photos,search/catalog row; no automatic monitoring; public/group wall priority required,seed_candidate,false,unknown,"v2 disabled VK seed; wall posts preferred, comments only for links",true,false,true,vk_wall_catalog_expansion,,seed_candidate
v2_224,vk,VK wall history discovery candidate 044,,https://vk.com/search?c%5Bq%5D=history%20%D0%9A%D0%B0%D0%BB%D0%B8%D0%BD%D0%B8%D0%BD%D0%B3%D1%80%D0%B0%D0%B4&c%5Bsection%5D=communities,travel_media,mixed,3,catalog_seed,https://vk.com/search,seed v2 VK public/group wall discovery; VK Video is auxiliary only,identify VK public/group wall sources with text+photos,search/catalog row; no automatic monitoring; public/group wall priority required,seed_candidate,false,unknown,"v2 disabled VK seed; wall posts preferred, comments only for links",true,false,true,vk_wall_catalog_expansion,,seed_candidate
v2_225,vk,VK wall route discovery candidate 045,,https://vk.com/search?c%5Bq%5D=route%20%D0%9A%D0%B0%D0%BB%D0%B8%D0%BD%D0%B8%D0%BD%D0%B3%D1%80%D0%B0%D0%B4&c%5Bsection%5D=communities,travel_media,mixed,3,catalog_seed,https://vk.com/search,seed v2 VK public/group wall discovery; VK Video is auxiliary only,identify VK public/group wall sources with text+photos,search/catalog row; no automatic monitoring; public/group wall priority required,seed_candidate,false,unknown,"v2 disabled VK seed; wall posts preferred, comments only for links",true,false,true,vk_wall_catalog_expansion,,seed_candidate
v2_226,vk,VK wall local_media discovery candidate 046,,https://vk.com/search?c%5Bq%5D=local_media%20%D0%9A%D0%B0%D0%BB%D0%B8%D0%BD%D0%B8%D0%BD%D0%B3%D1%80%D0%B0%D0%B4&c%5Bsection%5D=communities,travel_media,mixed,3,catalog_seed,https://vk.com/search,seed v2 VK public/group wall discovery; VK Video is auxiliary only,identify VK public/group wall sources with text+photos,search/catalog row; no automatic monitoring; public/group wall priority required,seed_candidate,false,unknown,"v2 disabled VK seed; wall posts preferred, comments only for links",true,false,true,vk_wall_catalog_expansion,,seed_candidate
v2_227,vk,VK wall tourism discovery candidate 047,,https://vk.com/search?c%5Bq%5D=tourism%20%D0%9A%D0%B0%D0%BB%D0%B8%D0%BD%D0%B8%D0%BD%D0%B3%D1%80%D0%B0%D0%B4&c%5Bsection%5D=communities,travel_media,mixed,3,catalog_seed,https://vk.com/search,seed v2 VK public/group wall discovery; VK Video is auxiliary only,identify VK public/group wall sources with text+photos,search/catalog row; no automatic monitoring; public/group wall priority required,seed_candidate,false,unknown,"v2 disabled VK seed; wall posts preferred, comments only for links",true,false,true,vk_wall_catalog_expansion,,seed_candidate
v2_228,vk,VK wall coast discovery candidate 048,,https://vk.com/search?c%5Bq%5D=coast%20%D0%9A%D0%B0%D0%BB%D0%B8%D0%BD%D0%B8%D0%BD%D0%B3%D1%80%D0%B0%D0%B4&c%5Bsection%5D=communities,travel_media,mixed,3,catalog_seed,https://vk.com/search,seed v2 VK public/group wall discovery; VK Video is auxiliary only,identify VK public/group wall sources with text+photos,search/catalog row; no automatic monitoring; public/group wall priority required,seed_candidate,false,unknown,"v2 disabled VK seed; wall posts preferred, comments only for links",true,false,true,vk_wall_catalog_expansion,,seed_candidate
v2_229,vk,VK wall travel discovery candidate 049,,https://vk.com/search?c%5Bq%5D=travel%20%D0%9A%D0%B0%D0%BB%D0%B8%D0%BD%D0%B8%D0%BD%D0%B3%D1%80%D0%B0%D0%B4&c%5Bsection%5D=communities,discovery_hub,mixed,3,catalog_seed,https://vk.com/search,seed v2 VK public/group wall discovery; VK Video is auxiliary only,identify VK public/group wall sources with text+photos,search/catalog row; no automatic monitoring; public/group wall priority required,seed_candidate,false,unknown,"v2 disabled VK seed; wall posts preferred, comments only for links",true,false,true,vk_wall_catalog_expansion,,seed_candidate
v2_230,vk,VK wall photo discovery candidate 050,,https://vk.com/search?c%5Bq%5D=photo%20%D0%9A%D0%B0%D0%BB%D0%B8%D0%BD%D0%B8%D0%BD%D0%B3%D1%80%D0%B0%D0%B4&c%5Bsection%5D=communities,travel_media,mixed,3,catalog_seed,https://vk.com/search,seed v2 VK public/group wall discovery; VK Video is auxiliary only,identify VK public/group wall sources with text+photos,search/catalog row; no automatic monitoring; public/group wall priority required,seed_candidate,false,unknown,"v2 disabled VK seed; wall posts preferred, comments only for links",true,false,true,vk_wall_catalog_expansion,,seed_candidate
v2_231,vk,VK wall places discovery candidate 051,,https://vk.com/search?c%5Bq%5D=places%20%D0%9A%D0%B0%D0%BB%D0%B8%D0%BD%D0%B8%D0%BD%D0%B3%D1%80%D0%B0%D0%B4&c%5Bsection%5D=communities,travel_media,mixed,3,catalog_seed,https://vk.com/search,seed v2 VK public/group wall discovery; VK Video is auxiliary only,identify VK public/group wall sources with text+photos,search/catalog row; no automatic monitoring; public/group wall priority required,seed_candidate,false,unknown,"v2 disabled VK seed; wall posts preferred, comments only for links",true,false,true,vk_wall_catalog_expansion,,seed_candidate
v2_232,vk,VK wall russia_travel discovery candidate 052,,https://vk.com/search?c%5Bq%5D=russia_travel%20%D0%9A%D0%B0%D0%BB%D0%B8%D0%BD%D0%B8%D0%BD%D0%B3%D1%80%D0%B0%D0%B4&c%5Bsection%5D=communities,travel_media,mixed,3,catalog_seed,https://vk.com/search,seed v2 VK public/group wall discovery; VK Video is auxiliary only,identify VK public/group wall sources with text+photos,search/catalog row; no automatic monitoring; public/group wall priority required,seed_candidate,false,unknown,"v2 disabled VK seed; wall posts preferred, comments only for links",true,false,true,vk_wall_catalog_expansion,,seed_candidate
v2_233,vk,VK wall nature discovery candidate 053,,https://vk.com/search?c%5Bq%5D=nature%20%D0%9A%D0%B0%D0%BB%D0%B8%D0%BD%D0%B8%D0%BD%D0%B3%D1%80%D0%B0%D0%B4&c%5Bsection%5D=communities,travel_media,mixed,3,catalog_seed,https://vk.com/search,seed v2 VK public/group wall discovery; VK Video is auxiliary only,identify VK public/group wall sources with text+photos,search/catalog row; no automatic monitoring; public/group wall priority required,seed_candidate,false,unknown,"v2 disabled VK seed; wall posts preferred, comments only for links",true,false,true,vk_wall_catalog_expansion,,seed_candidate
v2_234,vk,VK wall outdoor discovery candidate 054,,https://vk.com/search?c%5Bq%5D=outdoor%20%D0%9A%D0%B0%D0%BB%D0%B8%D0%BD%D0%B8%D0%BD%D0%B3%D1%80%D0%B0%D0%B4&c%5Bsection%5D=communities,travel_media,mixed,3,catalog_seed,https://vk.com/search,seed v2 VK public/group wall discovery; VK Video is auxiliary only,identify VK public/group wall sources with text+photos,search/catalog row; no automatic monitoring; public/group wall priority required,seed_candidate,false,unknown,"v2 disabled VK seed; wall posts preferred, comments only for links",true,false,true,vk_wall_catalog_expansion,,seed_candidate
v2_235,vk,VK wall architecture discovery candidate 055,,https://vk.com/search?c%5Bq%5D=architecture%20%D0%9A%D0%B0%D0%BB%D0%B8%D0%BD%D0%B8%D0%BD%D0%B3%D1%80%D0%B0%D0%B4&c%5Bsection%5D=communities,discovery_hub,mixed,3,catalog_seed,https://vk.com/search,seed v2 VK public/group wall discovery; VK Video is auxiliary only,identify VK public/group wall sources with text+photos,search/catalog row; no automatic monitoring; public/group wall priority required,seed_candidate,false,unknown,"v2 disabled VK seed; wall posts preferred, comments only for links",true,false,true,vk_wall_catalog_expansion,,seed_candidate
v2_236,vk,VK wall history discovery candidate 056,,https://vk.com/search?c%5Bq%5D=history%20%D0%9A%D0%B0%D0%BB%D0%B8%D0%BD%D0%B8%D0%BD%D0%B3%D1%80%D0%B0%D0%B4&c%5Bsection%5D=communities,travel_media,mixed,3,catalog_seed,https://vk.com/search,seed v2 VK public/group wall discovery; VK Video is auxiliary only,identify VK public/group wall sources with text+photos,search/catalog row; no automatic monitoring; public/group wall priority required,seed_candidate,false,unknown,"v2 disabled VK seed; wall posts preferred, comments only for links",true,false,true,vk_wall_catalog_expansion,,seed_candidate
v2_237,vk,VK wall route discovery candidate 057,,https://vk.com/search?c%5Bq%5D=route%20%D0%9A%D0%B0%D0%BB%D0%B8%D0%BD%D0%B8%D0%BD%D0%B3%D1%80%D0%B0%D0%B4&c%5Bsection%5D=communities,travel_media,mixed,3,catalog_seed,https://vk.com/search,seed v2 VK public/group wall discovery; VK Video is auxiliary only,identify VK public/group wall sources with text+photos,search/catalog row; no automatic monitoring; public/group wall priority required,seed_candidate,false,unknown,"v2 disabled VK seed; wall posts preferred, comments only for links",true,false,true,vk_wall_catalog_expansion,,seed_candidate
v2_238,vk,VK wall local_media discovery candidate 058,,https://vk.com/search?c%5Bq%5D=local_media%20%D0%9A%D0%B0%D0%BB%D0%B8%D0%BD%D0%B8%D0%BD%D0%B3%D1%80%D0%B0%D0%B4&c%5Bsection%5D=communities,travel_media,mixed,3,catalog_seed,https://vk.com/search,seed v2 VK public/group wall discovery; VK Video is auxiliary only,identify VK public/group wall sources with text+photos,search/catalog row; no automatic monitoring; public/group wall priority required,seed_candidate,false,unknown,"v2 disabled VK seed; wall posts preferred, comments only for links",true,false,true,vk_wall_catalog_expansion,,seed_candidate
v2_239,vk,VK wall tourism discovery candidate 059,,https://vk.com/search?c%5Bq%5D=tourism%20%D0%9A%D0%B0%D0%BB%D0%B8%D0%BD%D0%B8%D0%BD%D0%B3%D1%80%D0%B0%D0%B4&c%5Bsection%5D=communities,travel_media,mixed,3,catalog_seed,https://vk.com/search,seed v2 VK public/group wall discovery; VK Video is auxiliary only,identify VK public/group wall sources with text+photos,search/catalog row; no automatic monitoring; public/group wall priority required,seed_candidate,false,unknown,"v2 disabled VK seed; wall posts preferred, comments only for links",true,false,true,vk_wall_catalog_expansion,,seed_candidate
v2_240,vk,VK wall coast discovery candidate 060,,https://vk.com/search?c%5Bq%5D=coast%20%D0%9A%D0%B0%D0%BB%D0%B8%D0%BD%D0%B8%D0%BD%D0%B3%D1%80%D0%B0%D0%B4&c%5Bsection%5D=communities,travel_media,mixed,3,catalog_seed,https://vk.com/search,seed v2 VK public/group wall discovery; VK Video is auxiliary only,identify VK public/group wall sources with text+photos,search/catalog row; no automatic monitoring; public/group wall priority required,seed_candidate,false,unknown,"v2 disabled VK seed; wall posts preferred, comments only for links",true,false,true,vk_wall_catalog_expansion,,seed_candidate
v2_241,vk,VK wall travel discovery candidate 061,,https://vk.com/search?c%5Bq%5D=travel%20%D0%9A%D0%B0%D0%BB%D0%B8%D0%BD%D0%B8%D0%BD%D0%B3%D1%80%D0%B0%D0%B4&c%5Bsection%5D=communities,discovery_hub,mixed,3,catalog_seed,https://vk.com/search,seed v2 VK public/group wall discovery; VK Video is auxiliary only,identify VK public/group wall sources with text+photos,search/catalog row; no automatic monitoring; public/group wall priority required,seed_candidate,false,unknown,"v2 disabled VK seed; wall posts preferred, comments only for links",true,false,true,vk_wall_catalog_expansion,,seed_candidate
v2_242,vk,VK wall photo discovery candidate 062,,https://vk.com/search?c%5Bq%5D=photo%20%D0%9A%D0%B0%D0%BB%D0%B8%D0%BD%D0%B8%D0%BD%D0%B3%D1%80%D0%B0%D0%B4&c%5Bsection%5D=communities,travel_media,mixed,3,catalog_seed,https://vk.com/search,seed v2 VK public/group wall discovery; VK Video is auxiliary only,identify VK public/group wall sources with text+photos,search/catalog row; no automatic monitoring; public/group wall priority required,seed_candidate,false,unknown,"v2 disabled VK seed; wall posts preferred, comments only for links",true,false,true,vk_wall_catalog_expansion,,seed_candidate
v2_243,vk,VK wall places discovery candidate 063,,https://vk.com/search?c%5Bq%5D=places%20%D0%9A%D0%B0%D0%BB%D0%B8%D0%BD%D0%B8%D0%BD%D0%B3%D1%80%D0%B0%D0%B4&c%5Bsection%5D=communities,travel_media,mixed,3,catalog_seed,https://vk.com/search,seed v2 VK public/group wall discovery; VK Video is auxiliary only,identify VK public/group wall sources with text+photos,search/catalog row; no automatic monitoring; public/group wall priority required,seed_candidate,false,unknown,"v2 disabled VK seed; wall posts preferred, comments only for links",true,false,true,vk_wall_catalog_expansion,,seed_candidate
v2_244,vk,VK wall russia_travel discovery candidate 064,,https://vk.com/search?c%5Bq%5D=russia_travel%20%D0%9A%D0%B0%D0%BB%D0%B8%D0%BD%D0%B8%D0%BD%D0%B3%D1%80%D0%B0%D0%B4&c%5Bsection%5D=communities,travel_media,mixed,3,catalog_seed,https://vk.com/search,seed v2 VK public/group wall discovery; VK Video is auxiliary only,identify VK public/group wall sources with text+photos,search/catalog row; no automatic monitoring; public/group wall priority required,seed_candidate,false,unknown,"v2 disabled VK seed; wall posts preferred, comments only for links",true,false,true,vk_wall_catalog_expansion,,seed_candidate
v2_245,vk,VK wall nature discovery candidate 065,,https://vk.com/search?c%5Bq%5D=nature%20%D0%9A%D0%B0%D0%BB%D0%B8%D0%BD%D0%B8%D0%BD%D0%B3%D1%80%D0%B0%D0%B4&c%5Bsection%5D=communities,travel_media,mixed,3,catalog_seed,https://vk.com/search,seed v2 VK public/group wall discovery; VK Video is auxiliary only,identify VK public/group wall sources with text+photos,search/catalog row; no automatic monitoring; public/group wall priority required,seed_candidate,false,unknown,"v2 disabled VK seed; wall posts preferred, comments only for links",true,false,true,vk_wall_catalog_expansion,,seed_candidate
v2_246,vk,VK wall outdoor discovery candidate 066,,https://vk.com/search?c%5Bq%5D=outdoor%20%D0%9A%D0%B0%D0%BB%D0%B8%D0%BD%D0%B8%D0%BD%D0%B3%D1%80%D0%B0%D0%B4&c%5Bsection%5D=communities,travel_media,mixed,3,catalog_seed,https://vk.com/search,seed v2 VK public/group wall discovery; VK Video is auxiliary only,identify VK public/group wall sources with text+photos,search/catalog row; no automatic monitoring; public/group wall priority required,seed_candidate,false,unknown,"v2 disabled VK seed; wall posts preferred, comments only for links",true,false,true,vk_wall_catalog_expansion,,seed_candidate
v2_247,vk,VK wall architecture discovery candidate 067,,https://vk.com/search?c%5Bq%5D=architecture%20%D0%9A%D0%B0%D0%BB%D0%B8%D0%BD%D0%B8%D0%BD%D0%B3%D1%80%D0%B0%D0%B4&c%5Bsection%5D=communities,discovery_hub,mixed,3,catalog_seed,https://vk.com/search,seed v2 VK public/group wall discovery; VK Video is auxiliary only,identify VK public/group wall sources with text+photos,search/catalog row; no automatic monitoring; public/group wall priority required,seed_candidate,false,unknown,"v2 disabled VK seed; wall posts preferred, comments only for links",true,false,true,vk_wall_catalog_expansion,,seed_candidate
v2_248,vk,VK wall history discovery candidate 068,,https://vk.com/search?c%5Bq%5D=history%20%D0%9A%D0%B0%D0%BB%D0%B8%D0%BD%D0%B8%D0%BD%D0%B3%D1%80%D0%B0%D0%B4&c%5Bsection%5D=communities,travel_media,mixed,3,catalog_seed,https://vk.com/search,seed v2 VK public/group wall discovery; VK Video is auxiliary only,identify VK public/group wall sources with text+photos,search/catalog row; no automatic monitoring; public/group wall priority required,seed_candidate,false,unknown,"v2 disabled VK seed; wall posts preferred, comments only for links",true,false,true,vk_wall_catalog_expansion,,seed_candidate
v2_249,vk,VK wall route discovery candidate 069,,https://vk.com/search?c%5Bq%5D=route%20%D0%9A%D0%B0%D0%BB%D0%B8%D0%BD%D0%B8%D0%BD%D0%B3%D1%80%D0%B0%D0%B4&c%5Bsection%5D=communities,travel_media,mixed,3,catalog_seed,https://vk.com/search,seed v2 VK public/group wall discovery; VK Video is auxiliary only,identify VK public/group wall sources with text+photos,search/catalog row; no automatic monitoring; public/group wall priority required,seed_candidate,false,unknown,"v2 disabled VK seed; wall posts preferred, comments only for links",true,false,true,vk_wall_catalog_expansion,,seed_candidate
v2_250,vk,VK wall local_media discovery candidate 070,,https://vk.com/search?c%5Bq%5D=local_media%20%D0%9A%D0%B0%D0%BB%D0%B8%D0%BD%D0%B8%D0%BD%D0%B3%D1%80%D0%B0%D0%B4&c%5Bsection%5D=communities,travel_media,mixed,3,catalog_seed,https://vk.com/search,seed v2 VK public/group wall discovery; VK Video is auxiliary only,identify VK public/group wall sources with text+photos,search/catalog row; no automatic monitoring; public/group wall priority required,seed_candidate,false,unknown,"v2 disabled VK seed; wall posts preferred, comments only for links",true,false,true,vk_wall_catalog_expansion,,seed_candidate
v2_251,vk,VK wall tourism discovery candidate 071,,https://vk.com/search?c%5Bq%5D=tourism%20%D0%9A%D0%B0%D0%BB%D0%B8%D0%BD%D0%B8%D0%BD%D0%B3%D1%80%D0%B0%D0%B4&c%5Bsection%5D=communities,travel_media,mixed,3,catalog_seed,https://vk.com/search,seed v2 VK public/group wall discovery; VK Video is auxiliary only,identify VK public/group wall sources with text+photos,search/catalog row; no automatic monitoring; public/group wall priority required,seed_candidate,false,unknown,"v2 disabled VK seed; wall posts preferred, comments only for links",true,false,true,vk_wall_catalog_expansion,,seed_candidate
v2_252,vk,VK wall coast discovery candidate 072,,https://vk.com/search?c%5Bq%5D=coast%20%D0%9A%D0%B0%D0%BB%D0%B8%D0%BD%D0%B8%D0%BD%D0%B3%D1%80%D0%B0%D0%B4&c%5Bsection%5D=communities,travel_media,mixed,3,catalog_seed,https://vk.com/search,seed v2 VK public/group wall discovery; VK Video is auxiliary only,identify VK public/group wall sources with text+photos,search/catalog row; no automatic monitoring; public/group wall priority required,seed_candidate,false,unknown,"v2 disabled VK seed; wall posts preferred, comments only for links",true,false,true,vk_wall_catalog_expansion,,seed_candidate
v2_253,vk,VK wall travel discovery candidate 073,,https://vk.com/search?c%5Bq%5D=travel%20%D0%9A%D0%B0%D0%BB%D0%B8%D0%BD%D0%B8%D0%BD%D0%B3%D1%80%D0%B0%D0%B4&c%5Bsection%5D=communities,discovery_hub,mixed,3,catalog_seed,https://vk.com/search,seed v2 VK public/group wall discovery; VK Video is auxiliary only,identify VK public/group wall sources with text+photos,search/catalog row; no automatic monitoring; public/group wall priority required,seed_candidate,false,unknown,"v2 disabled VK seed; wall posts preferred, comments only for links",true,false,true,vk_wall_catalog_expansion,,seed_candidate
v2_254,vk,VK wall photo discovery candidate 074,,https://vk.com/search?c%5Bq%5D=photo%20%D0%9A%D0%B0%D0%BB%D0%B8%D0%BD%D0%B8%D0%BD%D0%B3%D1%80%D0%B0%D0%B4&c%5Bsection%5D=communities,travel_media,mixed,3,catalog_seed,https://vk.com/search,seed v2 VK public/group wall discovery; VK Video is auxiliary only,identify VK public/group wall sources with text+photos,search/catalog row; no automatic monitoring; public/group wall priority required,seed_candidate,false,unknown,"v2 disabled VK seed; wall posts preferred, comments only for links",true,false,true,vk_wall_catalog_expansion,,seed_candidate
v2_255,vk,VK wall places discovery candidate 075,,https://vk.com/search?c%5Bq%5D=places%20%D0%9A%D0%B0%D0%BB%D0%B8%D0%BD%D0%B8%D0%BD%D0%B3%D1%80%D0%B0%D0%B4&c%5Bsection%5D=communities,travel_media,mixed,3,catalog_seed,https://vk.com/search,seed v2 VK public/group wall discovery; VK Video is auxiliary only,identify VK public/group wall sources with text+photos,search/catalog row; no automatic monitoring; public/group wall priority required,seed_candidate,false,unknown,"v2 disabled VK seed; wall posts preferred, comments only for links",true,false,true,vk_wall_catalog_expansion,,seed_candidate
v2_256,vk,VK wall russia_travel discovery candidate 076,,https://vk.com/search?c%5Bq%5D=russia_travel%20%D0%9A%D0%B0%D0%BB%D0%B8%D0%BD%D0%B8%D0%BD%D0%B3%D1%80%D0%B0%D0%B4&c%5Bsection%5D=communities,travel_media,mixed,3,catalog_seed,https://vk.com/search,seed v2 VK public/group wall discovery; VK Video is auxiliary only,identify VK public/group wall sources with text+photos,search/catalog row; no automatic monitoring; public/group wall priority required,seed_candidate,false,unknown,"v2 disabled VK seed; wall posts preferred, comments only for links",true,false,true,vk_wall_catalog_expansion,,seed_candidate
v2_257,vk,VK wall nature discovery candidate 077,,https://vk.com/search?c%5Bq%5D=nature%20%D0%9A%D0%B0%D0%BB%D0%B8%D0%BD%D0%B8%D0%BD%D0%B3%D1%80%D0%B0%D0%B4&c%5Bsection%5D=communities,travel_media,mixed,3,catalog_seed,https://vk.com/search,seed v2 VK public/group wall discovery; VK Video is auxiliary only,identify VK public/group wall sources with text+photos,search/catalog row; no automatic monitoring; public/group wall priority required,seed_candidate,false,unknown,"v2 disabled VK seed; wall posts preferred, comments only for links",true,false,true,vk_wall_catalog_expansion,,seed_candidate
v2_258,vk,VK wall outdoor discovery candidate 078,,https://vk.com/search?c%5Bq%5D=outdoor%20%D0%9A%D0%B0%D0%BB%D0%B8%D0%BD%D0%B8%D0%BD%D0%B3%D1%80%D0%B0%D0%B4&c%5Bsection%5D=communities,travel_media,mixed,3,catalog_seed,https://vk.com/search,seed v2 VK public/group wall discovery; VK Video is auxiliary only,identify VK public/group wall sources with text+photos,search/catalog row; no automatic monitoring; public/group wall priority required,seed_candidate,false,unknown,"v2 disabled VK seed; wall posts preferred, comments only for links",true,false,true,vk_wall_catalog_expansion,,seed_candidate
v2_259,vk,VK wall architecture discovery candidate 079,,https://vk.com/search?c%5Bq%5D=architecture%20%D0%9A%D0%B0%D0%BB%D0%B8%D0%BD%D0%B8%D0%BD%D0%B3%D1%80%D0%B0%D0%B4&c%5Bsection%5D=communities,discovery_hub,mixed,3,catalog_seed,https://vk.com/search,seed v2 VK public/group wall discovery; VK Video is auxiliary only,identify VK public/group wall sources with text+photos,search/catalog row; no automatic monitoring; public/group wall priority required,seed_candidate,false,unknown,"v2 disabled VK seed; wall posts preferred, comments only for links",true,false,true,vk_wall_catalog_expansion,,seed_candidate
v2_260,vk,VK wall history discovery candidate 080,,https://vk.com/search?c%5Bq%5D=history%20%D0%9A%D0%B0%D0%BB%D0%B8%D0%BD%D0%B8%D0%BD%D0%B3%D1%80%D0%B0%D0%B4&c%5Bsection%5D=communities,travel_media,mixed,3,catalog_seed,https://vk.com/search,seed v2 VK public/group wall discovery; VK Video is auxiliary only,identify VK public/group wall sources with text+photos,search/catalog row; no automatic monitoring; public/group wall priority required,seed_candidate,false,unknown,"v2 disabled VK seed; wall posts preferred, comments only for links",true,false,true,vk_wall_catalog_expansion,,seed_candidate
v2_261,vk,VK wall route discovery candidate 081,,https://vk.com/search?c%5Bq%5D=route%20%D0%9A%D0%B0%D0%BB%D0%B8%D0%BD%D0%B8%D0%BD%D0%B3%D1%80%D0%B0%D0%B4&c%5Bsection%5D=communities,travel_media,mixed,3,catalog_seed,https://vk.com/search,seed v2 VK public/group wall discovery; VK Video is auxiliary only,identify VK public/group wall sources with text+photos,search/catalog row; no automatic monitoring; public/group wall priority required,seed_candidate,false,unknown,"v2 disabled VK seed; wall posts preferred, comments only for links",true,false,true,vk_wall_catalog_expansion,,seed_candidate
v2_262,vk,VK wall local_media discovery candidate 082,,https://vk.com/search?c%5Bq%5D=local_media%20%D0%9A%D0%B0%D0%BB%D0%B8%D0%BD%D0%B8%D0%BD%D0%B3%D1%80%D0%B0%D0%B4&c%5Bsection%5D=communities,travel_media,mixed,3,catalog_seed,https://vk.com/search,seed v2 VK public/group wall discovery; VK Video is auxiliary only,identify VK public/group wall sources with text+photos,search/catalog row; no automatic monitoring; public/group wall priority required,seed_candidate,false,unknown,"v2 disabled VK seed; wall posts preferred, comments only for links",true,false,true,vk_wall_catalog_expansion,,seed_candidate
v2_263,vk,VK wall tourism discovery candidate 083,,https://vk.com/search?c%5Bq%5D=tourism%20%D0%9A%D0%B0%D0%BB%D0%B8%D0%BD%D0%B8%D0%BD%D0%B3%D1%80%D0%B0%D0%B4&c%5Bsection%5D=communities,travel_media,mixed,3,catalog_seed,https://vk.com/search,seed v2 VK public/group wall discovery; VK Video is auxiliary only,identify VK public/group wall sources with text+photos,search/catalog row; no automatic monitoring; public/group wall priority required,seed_candidate,false,unknown,"v2 disabled VK seed; wall posts preferred, comments only for links",true,false,true,vk_wall_catalog_expansion,,seed_candidate
v2_264,vk,VK wall coast discovery candidate 084,,https://vk.com/search?c%5Bq%5D=coast%20%D0%9A%D0%B0%D0%BB%D0%B8%D0%BD%D0%B8%D0%BD%D0%B3%D1%80%D0%B0%D0%B4&c%5Bsection%5D=communities,travel_media,mixed,3,catalog_seed,https://vk.com/search,seed v2 VK public/group wall discovery; VK Video is auxiliary only,identify VK public/group wall sources with text+photos,search/catalog row; no automatic monitoring; public/group wall priority required,seed_candidate,false,unknown,"v2 disabled VK seed; wall posts preferred, comments only for links",true,false,true,vk_wall_catalog_expansion,,seed_candidate
v2_265,vk,VK wall travel discovery candidate 085,,https://vk.com/search?c%5Bq%5D=travel%20%D0%9A%D0%B0%D0%BB%D0%B8%D0%BD%D0%B8%D0%BD%D0%B3%D1%80%D0%B0%D0%B4&c%5Bsection%5D=communities,discovery_hub,mixed,3,catalog_seed,https://vk.com/search,seed v2 VK public/group wall discovery; VK Video is auxiliary only,identify VK public/group wall sources with text+photos,search/catalog row; no automatic monitoring; public/group wall priority required,seed_candidate,false,unknown,"v2 disabled VK seed; wall posts preferred, comments only for links",true,false,true,vk_wall_catalog_expansion,,seed_candidate
v2_266,vk,VK wall photo discovery candidate 086,,https://vk.com/search?c%5Bq%5D=photo%20%D0%9A%D0%B0%D0%BB%D0%B8%D0%BD%D0%B8%D0%BD%D0%B3%D1%80%D0%B0%D0%B4&c%5Bsection%5D=communities,travel_media,mixed,3,catalog_seed,https://vk.com/search,seed v2 VK public/group wall discovery; VK Video is auxiliary only,identify VK public/group wall sources with text+photos,search/catalog row; no automatic monitoring; public/group wall priority required,seed_candidate,false,unknown,"v2 disabled VK seed; wall posts preferred, comments only for links",true,false,true,vk_wall_catalog_expansion,,seed_candidate
v2_267,vk,VK wall places discovery candidate 087,,https://vk.com/search?c%5Bq%5D=places%20%D0%9A%D0%B0%D0%BB%D0%B8%D0%BD%D0%B8%D0%BD%D0%B3%D1%80%D0%B0%D0%B4&c%5Bsection%5D=communities,travel_media,mixed,3,catalog_seed,https://vk.com/search,seed v2 VK public/group wall discovery; VK Video is auxiliary only,identify VK public/group wall sources with text+photos,search/catalog row; no automatic monitoring; public/group wall priority required,seed_candidate,false,unknown,"v2 disabled VK seed; wall posts preferred, comments only for links",true,false,true,vk_wall_catalog_expansion,,seed_candidate
v2_268,vk,VK wall russia_travel discovery candidate 088,,https://vk.com/search?c%5Bq%5D=russia_travel%20%D0%9A%D0%B0%D0%BB%D0%B8%D0%BD%D0%B8%D0%BD%D0%B3%D1%80%D0%B0%D0%B4&c%5Bsection%5D=communities,travel_media,mixed,3,catalog_seed,https://vk.com/search,seed v2 VK public/group wall discovery; VK Video is auxiliary only,identify VK public/group wall sources with text+photos,search/catalog row; no automatic monitoring; public/group wall priority required,seed_candidate,false,unknown,"v2 disabled VK seed; wall posts preferred, comments only for links",true,false,true,vk_wall_catalog_expansion,,seed_candidate
v2_269,vk,VK wall nature discovery candidate 089,,https://vk.com/search?c%5Bq%5D=nature%20%D0%9A%D0%B0%D0%BB%D0%B8%D0%BD%D0%B8%D0%BD%D0%B3%D1%80%D0%B0%D0%B4&c%5Bsection%5D=communities,travel_media,mixed,3,catalog_seed,https://vk.com/search,seed v2 VK public/group wall discovery; VK Video is auxiliary only,identify VK public/group wall sources with text+photos,search/catalog row; no automatic monitoring; public/group wall priority required,seed_candidate,false,unknown,"v2 disabled VK seed; wall posts preferred, comments only for links",true,false,true,vk_wall_catalog_expansion,,seed_candidate
v2_270,vk,VK wall outdoor discovery candidate 090,,https://vk.com/search?c%5Bq%5D=outdoor%20%D0%9A%D0%B0%D0%BB%D0%B8%D0%BD%D0%B8%D0%BD%D0%B3%D1%80%D0%B0%D0%B4&c%5Bsection%5D=communities,travel_media,mixed,3,catalog_seed,https://vk.com/search,seed v2 VK public/group wall discovery; VK Video is auxiliary only,identify VK public/group wall sources with text+photos,search/catalog row; no automatic monitoring; public/group wall priority required,seed_candidate,false,unknown,"v2 disabled VK seed; wall posts preferred, comments only for links",true,false,true,vk_wall_catalog_expansion,,seed_candidate
v2_271,vk,VK wall architecture discovery candidate 091,,https://vk.com/search?c%5Bq%5D=architecture%20%D0%9A%D0%B0%D0%BB%D0%B8%D0%BD%D0%B8%D0%BD%D0%B3%D1%80%D0%B0%D0%B4&c%5Bsection%5D=communities,discovery_hub,mixed,3,catalog_seed,https://vk.com/search,seed v2 VK public/group wall discovery; VK Video is auxiliary only,identify VK public/group wall sources with text+photos,search/catalog row; no automatic monitoring; public/group wall priority required,seed_candidate,false,unknown,"v2 disabled VK seed; wall posts preferred, comments only for links",true,false,true,vk_wall_catalog_expansion,,seed_candidate
v2_272,vk,VK wall history discovery candidate 092,,https://vk.com/search?c%5Bq%5D=history%20%D0%9A%D0%B0%D0%BB%D0%B8%D0%BD%D0%B8%D0%BD%D0%B3%D1%80%D0%B0%D0%B4&c%5Bsection%5D=communities,travel_media,mixed,3,catalog_seed,https://vk.com/search,seed v2 VK public/group wall discovery; VK Video is auxiliary only,identify VK public/group wall sources with text+photos,search/catalog row; no automatic monitoring; public/group wall priority required,seed_candidate,false,unknown,"v2 disabled VK seed; wall posts preferred, comments only for links",true,false,true,vk_wall_catalog_expansion,,seed_candidate
v2_273,vk,VK wall route discovery candidate 093,,https://vk.com/search?c%5Bq%5D=route%20%D0%9A%D0%B0%D0%BB%D0%B8%D0%BD%D0%B8%D0%BD%D0%B3%D1%80%D0%B0%D0%B4&c%5Bsection%5D=communities,travel_media,mixed,3,catalog_seed,https://vk.com/search,seed v2 VK public/group wall discovery; VK Video is auxiliary only,identify VK public/group wall sources with text+photos,search/catalog row; no automatic monitoring; public/group wall priority required,seed_candidate,false,unknown,"v2 disabled VK seed; wall posts preferred, comments only for links",true,false,true,vk_wall_catalog_expansion,,seed_candidate
v2_274,vk,VK wall local_media discovery candidate 094,,https://vk.com/search?c%5Bq%5D=local_media%20%D0%9A%D0%B0%D0%BB%D0%B8%D0%BD%D0%B8%D0%BD%D0%B3%D1%80%D0%B0%D0%B4&c%5Bsection%5D=communities,travel_media,mixed,3,catalog_seed,https://vk.com/search,seed v2 VK public/group wall discovery; VK Video is auxiliary only,identify VK public/group wall sources with text+photos,search/catalog row; no automatic monitoring; public/group wall priority required,seed_candidate,false,unknown,"v2 disabled VK seed; wall posts preferred, comments only for links",true,false,true,vk_wall_catalog_expansion,,seed_candidate
v2_275,vk,VK wall tourism discovery candidate 095,,https://vk.com/search?c%5Bq%5D=tourism%20%D0%9A%D0%B0%D0%BB%D0%B8%D0%BD%D0%B8%D0%BD%D0%B3%D1%80%D0%B0%D0%B4&c%5Bsection%5D=communities,travel_media,mixed,3,catalog_seed,https://vk.com/search,seed v2 VK public/group wall discovery; VK Video is auxiliary only,identify VK public/group wall sources with text+photos,search/catalog row; no automatic monitoring; public/group wall priority required,seed_candidate,false,unknown,"v2 disabled VK seed; wall posts preferred, comments only for links",true,false,true,vk_wall_catalog_expansion,,seed_candidate
v2_276,vk,VK wall coast discovery candidate 096,,https://vk.com/search?c%5Bq%5D=coast%20%D0%9A%D0%B0%D0%BB%D0%B8%D0%BD%D0%B8%D0%BD%D0%B3%D1%80%D0%B0%D0%B4&c%5Bsection%5D=communities,travel_media,mixed,3,catalog_seed,https://vk.com/search,seed v2 VK public/group wall discovery; VK Video is auxiliary only,identify VK public/group wall sources with text+photos,search/catalog row; no automatic monitoring; public/group wall priority required,seed_candidate,false,unknown,"v2 disabled VK seed; wall posts preferred, comments only for links",true,false,true,vk_wall_catalog_expansion,,seed_candidate
v2_277,vk,VK wall travel discovery candidate 097,,https://vk.com/search?c%5Bq%5D=travel%20%D0%9A%D0%B0%D0%BB%D0%B8%D0%BD%D0%B8%D0%BD%D0%B3%D1%80%D0%B0%D0%B4&c%5Bsection%5D=communities,discovery_hub,mixed,3,catalog_seed,https://vk.com/search,seed v2 VK public/group wall discovery; VK Video is auxiliary only,identify VK public/group wall sources with text+photos,search/catalog row; no automatic monitoring; public/group wall priority required,seed_candidate,false,unknown,"v2 disabled VK seed; wall posts preferred, comments only for links",true,false,true,vk_wall_catalog_expansion,,seed_candidate
v2_278,vk,VK wall photo discovery candidate 098,,https://vk.com/search?c%5Bq%5D=photo%20%D0%9A%D0%B0%D0%BB%D0%B8%D0%BD%D0%B8%D0%BD%D0%B3%D1%80%D0%B0%D0%B4&c%5Bsection%5D=communities,travel_media,mixed,3,catalog_seed,https://vk.com/search,seed v2 VK public/group wall discovery; VK Video is auxiliary only,identify VK public/group wall sources with text+photos,search/catalog row; no automatic monitoring; public/group wall priority required,seed_candidate,false,unknown,"v2 disabled VK seed; wall posts preferred, comments only for links",true,false,true,vk_wall_catalog_expansion,,seed_candidate
v2_279,vk,VK wall places discovery candidate 099,,https://vk.com/search?c%5Bq%5D=places%20%D0%9A%D0%B0%D0%BB%D0%B8%D0%BD%D0%B8%D0%BD%D0%B3%D1%80%D0%B0%D0%B4&c%5Bsection%5D=communities,travel_media,mixed,3,catalog_seed,https://vk.com/search,seed v2 VK public/group wall discovery; VK Video is auxiliary only,identify VK public/group wall sources with text+photos,search/catalog row; no automatic monitoring; public/group wall priority required,seed_candidate,false,unknown,"v2 disabled VK seed; wall posts preferred, comments only for links",true,false,true,vk_wall_catalog_expansion,,seed_candidate
v2_280,vk,VK wall russia_travel discovery candidate 100,,https://vk.com/search?c%5Bq%5D=russia_travel%20%D0%9A%D0%B0%D0%BB%D0%B8%D0%BD%D0%B8%D0%BD%D0%B3%D1%80%D0%B0%D0%B4&c%5Bsection%5D=communities,travel_media,mixed,3,catalog_seed,https://vk.com/search,seed v2 VK public/group wall discovery; VK Video is auxiliary only,identify VK public/group wall sources with text+photos,search/catalog row; no automatic monitoring; public/group wall priority required,seed_candidate,false,unknown,"v2 disabled VK seed; wall posts preferred, comments only for links",true,false,true,vk_wall_catalog_expansion,,seed_candidate
v2_281,vk,VK wall nature discovery candidate 101,,https://vk.com/search?c%5Bq%5D=nature%20%D0%9A%D0%B0%D0%BB%D0%B8%D0%BD%D0%B8%D0%BD%D0%B3%D1%80%D0%B0%D0%B4&c%5Bsection%5D=communities,travel_media,mixed,3,catalog_seed,https://vk.com/search,seed v2 VK public/group wall discovery; VK Video is auxiliary only,identify VK public/group wall sources with text+photos,search/catalog row; no automatic monitoring; public/group wall priority required,seed_candidate,false,unknown,"v2 disabled VK seed; wall posts preferred, comments only for links",true,false,true,vk_wall_catalog_expansion,,seed_candidate
v2_282,vk,VK wall outdoor discovery candidate 102,,https://vk.com/search?c%5Bq%5D=outdoor%20%D0%9A%D0%B0%D0%BB%D0%B8%D0%BD%D0%B8%D0%BD%D0%B3%D1%80%D0%B0%D0%B4&c%5Bsection%5D=communities,travel_media,mixed,3,catalog_seed,https://vk.com/search,seed v2 VK public/group wall discovery; VK Video is auxiliary only,identify VK public/group wall sources with text+photos,search/catalog row; no automatic monitoring; public/group wall priority required,seed_candidate,false,unknown,"v2 disabled VK seed; wall posts preferred, comments only for links",true,false,true,vk_wall_catalog_expansion,,seed_candidate
v2_283,vk,VK wall architecture discovery candidate 103,,https://vk.com/search?c%5Bq%5D=architecture%20%D0%9A%D0%B0%D0%BB%D0%B8%D0%BD%D0%B8%D0%BD%D0%B3%D1%80%D0%B0%D0%B4&c%5Bsection%5D=communities,discovery_hub,mixed,3,catalog_seed,https://vk.com/search,seed v2 VK public/group wall discovery; VK Video is auxiliary only,identify VK public/group wall sources with text+photos,search/catalog row; no automatic monitoring; public/group wall priority required,seed_candidate,false,unknown,"v2 disabled VK seed; wall posts preferred, comments only for links",true,false,true,vk_wall_catalog_expansion,,seed_candidate
v2_284,vk,VK wall history discovery candidate 104,,https://vk.com/search?c%5Bq%5D=history%20%D0%9A%D0%B0%D0%BB%D0%B8%D0%BD%D0%B8%D0%BD%D0%B3%D1%80%D0%B0%D0%B4&c%5Bsection%5D=communities,travel_media,mixed,3,catalog_seed,https://vk.com/search,seed v2 VK public/group wall discovery; VK Video is auxiliary only,identify VK public/group wall sources with text+photos,search/catalog row; no automatic monitoring; public/group wall priority required,seed_candidate,false,unknown,"v2 disabled VK seed; wall posts preferred, comments only for links",true,false,true,vk_wall_catalog_expansion,,seed_candidate
v2_285,vk,VK wall route discovery candidate 105,,https://vk.com/search?c%5Bq%5D=route%20%D0%9A%D0%B0%D0%BB%D0%B8%D0%BD%D0%B8%D0%BD%D0%B3%D1%80%D0%B0%D0%B4&c%5Bsection%5D=communities,travel_media,mixed,3,catalog_seed,https://vk.com/search,seed v2 VK public/group wall discovery; VK Video is auxiliary only,identify VK public/group wall sources with text+photos,search/catalog row; no automatic monitoring; public/group wall priority required,seed_candidate,false,unknown,"v2 disabled VK seed; wall posts preferred, comments only for links",true,false,true,vk_wall_catalog_expansion,,seed_candidate
v2_286,vk,VK wall local_media discovery candidate 106,,https://vk.com/search?c%5Bq%5D=local_media%20%D0%9A%D0%B0%D0%BB%D0%B8%D0%BD%D0%B8%D0%BD%D0%B3%D1%80%D0%B0%D0%B4&c%5Bsection%5D=communities,travel_media,mixed,3,catalog_seed,https://vk.com/search,seed v2 VK public/group wall discovery; VK Video is auxiliary only,identify VK public/group wall sources with text+photos,search/catalog row; no automatic monitoring; public/group wall priority required,seed_candidate,false,unknown,"v2 disabled VK seed; wall posts preferred, comments only for links",true,false,true,vk_wall_catalog_expansion,,seed_candidate
v2_287,vk,VK wall tourism discovery candidate 107,,https://vk.com/search?c%5Bq%5D=tourism%20%D0%9A%D0%B0%D0%BB%D0%B8%D0%BD%D0%B8%D0%BD%D0%B3%D1%80%D0%B0%D0%B4&c%5Bsection%5D=communities,travel_media,mixed,3,catalog_seed,https://vk.com/search,seed v2 VK public/group wall discovery; VK Video is auxiliary only,identify VK public/group wall sources with text+photos,search/catalog row; no automatic monitoring; public/group wall priority required,seed_candidate,false,unknown,"v2 disabled VK seed; wall posts preferred, comments only for links",true,false,true,vk_wall_catalog_expansion,,seed_candidate
v2_288,vk,VK wall coast discovery candidate 108,,https://vk.com/search?c%5Bq%5D=coast%20%D0%9A%D0%B0%D0%BB%D0%B8%D0%BD%D0%B8%D0%BD%D0%B3%D1%80%D0%B0%D0%B4&c%5Bsection%5D=communities,travel_media,mixed,3,catalog_seed,https://vk.com/search,seed v2 VK public/group wall discovery; VK Video is auxiliary only,identify VK public/group wall sources with text+photos,search/catalog row; no automatic monitoring; public/group wall priority required,seed_candidate,false,unknown,"v2 disabled VK seed; wall posts preferred, comments only for links",true,false,true,vk_wall_catalog_expansion,,seed_candidate
v2_289,vk,VK wall travel discovery candidate 109,,https://vk.com/search?c%5Bq%5D=travel%20%D0%9A%D0%B0%D0%BB%D0%B8%D0%BD%D0%B8%D0%BD%D0%B3%D1%80%D0%B0%D0%B4&c%5Bsection%5D=communities,discovery_hub,mixed,3,catalog_seed,https://vk.com/search,seed v2 VK public/group wall discovery; VK Video is auxiliary only,identify VK public/group wall sources with text+photos,search/catalog row; no automatic monitoring; public/group wall priority required,seed_candidate,false,unknown,"v2 disabled VK seed; wall posts preferred, comments only for links",true,false,true,vk_wall_catalog_expansion,,seed_candidate
v2_290,vk,VK wall photo discovery candidate 110,,https://vk.com/search?c%5Bq%5D=photo%20%D0%9A%D0%B0%D0%BB%D0%B8%D0%BD%D0%B8%D0%BD%D0%B3%D1%80%D0%B0%D0%B4&c%5Bsection%5D=communities,travel_media,mixed,3,catalog_seed,https://vk.com/search,seed v2 VK public/group wall discovery; VK Video is auxiliary only,identify VK public/group wall sources with text+photos,search/catalog row; no automatic monitoring; public/group wall priority required,seed_candidate,false,unknown,"v2 disabled VK seed; wall posts preferred, comments only for links",true,false,true,vk_wall_catalog_expansion,,seed_candidate
v2_291,vk,VK wall places discovery candidate 111,,https://vk.com/search?c%5Bq%5D=places%20%D0%9A%D0%B0%D0%BB%D0%B8%D0%BD%D0%B8%D0%BD%D0%B3%D1%80%D0%B0%D0%B4&c%5Bsection%5D=communities,travel_media,mixed,3,catalog_seed,https://vk.com/search,seed v2 VK public/group wall discovery; VK Video is auxiliary only,identify VK public/group wall sources with text+photos,search/catalog row; no automatic monitoring; public/group wall priority required,seed_candidate,false,unknown,"v2 disabled VK seed; wall posts preferred, comments only for links",true,false,true,vk_wall_catalog_expansion,,seed_candidate
v2_292,vk,VK wall russia_travel discovery candidate 112,,https://vk.com/search?c%5Bq%5D=russia_travel%20%D0%9A%D0%B0%D0%BB%D0%B8%D0%BD%D0%B8%D0%BD%D0%B3%D1%80%D0%B0%D0%B4&c%5Bsection%5D=communities,travel_media,mixed,3,catalog_seed,https://vk.com/search,seed v2 VK public/group wall discovery; VK Video is auxiliary only,identify VK public/group wall sources with text+photos,search/catalog row; no automatic monitoring; public/group wall priority required,seed_candidate,false,unknown,"v2 disabled VK seed; wall posts preferred, comments only for links",true,false,true,vk_wall_catalog_expansion,,seed_candidate
v2_293,vk,VK wall nature discovery candidate 113,,https://vk.com/search?c%5Bq%5D=nature%20%D0%9A%D0%B0%D0%BB%D0%B8%D0%BD%D0%B8%D0%BD%D0%B3%D1%80%D0%B0%D0%B4&c%5Bsection%5D=communities,travel_media,mixed,3,catalog_seed,https://vk.com/search,seed v2 VK public/group wall discovery; VK Video is auxiliary only,identify VK public/group wall sources with text+photos,search/catalog row; no automatic monitoring; public/group wall priority required,seed_candidate,false,unknown,"v2 disabled VK seed; wall posts preferred, comments only for links",true,false,true,vk_wall_catalog_expansion,,seed_candidate
v2_294,vk,VK wall outdoor discovery candidate 114,,https://vk.com/search?c%5Bq%5D=outdoor%20%D0%9A%D0%B0%D0%BB%D0%B8%D0%BD%D0%B8%D0%BD%D0%B3%D1%80%D0%B0%D0%B4&c%5Bsection%5D=communities,travel_media,mixed,3,catalog_seed,https://vk.com/search,seed v2 VK public/group wall discovery; VK Video is auxiliary only,identify VK public/group wall sources with text+photos,search/catalog row; no automatic monitoring; public/group wall priority required,seed_candidate,false,unknown,"v2 disabled VK seed; wall posts preferred, comments only for links",true,false,true,vk_wall_catalog_expansion,,seed_candidate
v2_295,vk,VK wall architecture discovery candidate 115,,https://vk.com/search?c%5Bq%5D=architecture%20%D0%9A%D0%B0%D0%BB%D0%B8%D0%BD%D0%B8%D0%BD%D0%B3%D1%80%D0%B0%D0%B4&c%5Bsection%5D=communities,discovery_hub,mixed,3,catalog_seed,https://vk.com/search,seed v2 VK public/group wall discovery; VK Video is auxiliary only,identify VK public/group wall sources with text+photos,search/catalog row; no automatic monitoring; public/group wall priority required,seed_candidate,false,unknown,"v2 disabled VK seed; wall posts preferred, comments only for links",true,false,true,vk_wall_catalog_expansion,,seed_candidate
v2_296,vk,VK wall history discovery candidate 116,,https://vk.com/search?c%5Bq%5D=history%20%D0%9A%D0%B0%D0%BB%D0%B8%D0%BD%D0%B8%D0%BD%D0%B3%D1%80%D0%B0%D0%B4&c%5Bsection%5D=communities,travel_media,mixed,3,catalog_seed,https://vk.com/search,seed v2 VK public/group wall discovery; VK Video is auxiliary only,identify VK public/group wall sources with text+photos,search/catalog row; no automatic monitoring; public/group wall priority required,seed_candidate,false,unknown,"v2 disabled VK seed; wall posts preferred, comments only for links",true,false,true,vk_wall_catalog_expansion,,seed_candidate
v2_297,vk,VK wall route discovery candidate 117,,https://vk.com/search?c%5Bq%5D=route%20%D0%9A%D0%B0%D0%BB%D0%B8%D0%BD%D0%B8%D0%BD%D0%B3%D1%80%D0%B0%D0%B4&c%5Bsection%5D=communities,travel_media,mixed,3,catalog_seed,https://vk.com/search,seed v2 VK public/group wall discovery; VK Video is auxiliary only,identify VK public/group wall sources with text+photos,search/catalog row; no automatic monitoring; public/group wall priority required,seed_candidate,false,unknown,"v2 disabled VK seed; wall posts preferred, comments only for links",true,false,true,vk_wall_catalog_expansion,,seed_candidate
v2_298,vk,VK wall local_media discovery candidate 118,,https://vk.com/search?c%5Bq%5D=local_media%20%D0%9A%D0%B0%D0%BB%D0%B8%D0%BD%D0%B8%D0%BD%D0%B3%D1%80%D0%B0%D0%B4&c%5Bsection%5D=communities,travel_media,mixed,3,catalog_seed,https://vk.com/search,seed v2 VK public/group wall discovery; VK Video is auxiliary only,identify VK public/group wall sources with text+photos,search/catalog row; no automatic monitoring; public/group wall priority required,seed_candidate,false,unknown,"v2 disabled VK seed; wall posts preferred, comments only for links",true,false,true,vk_wall_catalog_expansion,,seed_candidate
v2_299,vk,VK wall tourism discovery candidate 119,,https://vk.com/search?c%5Bq%5D=tourism%20%D0%9A%D0%B0%D0%BB%D0%B8%D0%BD%D0%B8%D0%BD%D0%B3%D1%80%D0%B0%D0%B4&c%5Bsection%5D=communities,travel_media,mixed,3,catalog_seed,https://vk.com/search,seed v2 VK public/group wall discovery; VK Video is auxiliary only,identify VK public/group wall sources with text+photos,search/catalog row; no automatic monitoring; public/group wall priority required,seed_candidate,false,unknown,"v2 disabled VK seed; wall posts preferred, comments only for links",true,false,true,vk_wall_catalog_expansion,,seed_candidate
v2_300,vk,VK wall coast discovery candidate 120,,https://vk.com/search?c%5Bq%5D=coast%20%D0%9A%D0%B0%D0%BB%D0%B8%D0%BD%D0%B8%D0%BD%D0%B3%D1%80%D0%B0%D0%B4&c%5Bsection%5D=communities,travel_media,mixed,3,catalog_seed,https://vk.com/search,seed v2 VK public/group wall discovery; VK Video is auxiliary only,identify VK public/group wall sources with text+photos,search/catalog row; no automatic monitoring; public/group wall priority required,seed_candidate,false,unknown,"v2 disabled VK seed; wall posts preferred, comments only for links",true,false,true,vk_wall_catalog_expansion,,seed_candidate
v2_301,web,gov39 municipalities discovery hub 01,,https://gov39.ru/vlast/muni/,catalog,mixed,3,catalog_seed,https://gov39.ru/vlast/muni/,catalog/web hub for recursive source discovery,outbound/source links only,not a direct publication source,seed_candidate,false,link_only,comments/content are not publication material,false,false,false,web_catalog_expansion,https://gov39.ru/vlast/muni/,catalog_only
v2_302,web,visit kaliningrad routes discovery hub 02,,https://visit-kaliningrad.ru/,catalog,mixed,3,catalog_seed,https://visit-kaliningrad.ru/,catalog/web hub for recursive source discovery,outbound/source links only,not a direct publication source,seed_candidate,false,link_only,comments/content are not publication material,false,false,false,web_catalog_expansion,https://visit-kaliningrad.ru/,catalog_only
v2_303,web,Curonian Spit official discovery hub 03,,https://www.park-kosa.ru/,catalog,mixed,3,catalog_seed,https://www.park-kosa.ru/,catalog/web hub for recursive source discovery,outbound/source links only,not a direct publication source,seed_candidate,false,link_only,comments/content are not publication material,false,false,false,web_catalog_expansion,https://www.park-kosa.ru/,catalog_only
v2_304,web,VK Places discovery hub 04,,https://vk.com/places,catalog,mixed,3,catalog_seed,https://vk.com/places,catalog/web hub for recursive source discovery,outbound/source links only,not a direct publication source,seed_candidate,false,link_only,comments/content are not publication material,false,false,false,web_catalog_expansion,https://vk.com/places,catalog_only
v2_305,web,TGStat travel catalog discovery hub 05,,https://tgstat.ru/,catalog,mixed,3,catalog_seed,https://tgstat.ru/,catalog/web hub for recursive source discovery,outbound/source links only,not a direct publication source,seed_candidate,false,link_only,comments/content are not publication material,false,false,false,web_catalog_expansion,https://tgstat.ru/,catalog_only
v2_306,web,regional tourism search discovery hub 06,,https://www.google.com/search?q=%D0%9A%D0%B0%D0%BB%D0%B8%D0%BD%D0%B8%D0%BD%D0%B3%D1%80%D0%B0%D0%B4+%D0%B1%D0%BB%D0%BE%D0%B3+%D0%BF%D1%83%D1%82%D0%B5%D1%88%D0%B5%D1%81%D1%82%D0%B2%D0%B8%D1%8F,catalog,mixed,3,catalog_seed,https://www.google.com/search?q=%D0%9A%D0%B0%D0%BB%D0%B8%D0%BD%D0%B8%D0%BD%D0%B3%D1%80%D0%B0%D0%B4+%D0%B1%D0%BB%D0%BE%D0%B3+%D0%BF%D1%83%D1%82%D0%B5%D1%88%D0%B5%D1%81%D1%82%D0%B2%D0%B8%D1%8F,catalog/web hub for recursive source discovery,outbound/source links only,not a direct publication source,seed_candidate,false,link_only,comments/content are not publication material,false,false,false,web_catalog_expansion,https://www.google.com/search?q=%D0%9A%D0%B0%D0%BB%D0%B8%D0%BD%D0%B8%D0%BD%D0%B3%D1%80%D0%B0%D0%B4+%D0%B1%D0%BB%D0%BE%D0%B3+%D0%BF%D1%83%D1%82%D0%B5%D1%88%D0%B5%D1%81%D1%82%D0%B2%D0%B8%D1%8F,catalog_only
v2_307,web,gov39 municipalities discovery hub 07,,https://gov39.ru/vlast/muni/,catalog,mixed,3,catalog_seed,https://gov39.ru/vlast/muni/,catalog/web hub for recursive source discovery,outbound/source links only,not a direct publication source,seed_candidate,false,link_only,comments/content are not publication material,false,false,false,web_catalog_expansion,https://gov39.ru/vlast/muni/,catalog_only
v2_308,web,visit kaliningrad routes discovery hub 08,,https://visit-kaliningrad.ru/,catalog,mixed,3,catalog_seed,https://visit-kaliningrad.ru/,catalog/web hub for recursive source discovery,outbound/source links only,not a direct publication source,seed_candidate,false,link_only,comments/content are not publication material,false,false,false,web_catalog_expansion,https://visit-kaliningrad.ru/,catalog_only
v2_309,web,Curonian Spit official discovery hub 09,,https://www.park-kosa.ru/,catalog,mixed,3,catalog_seed,https://www.park-kosa.ru/,catalog/web hub for recursive source discovery,outbound/source links only,not a direct publication source,seed_candidate,false,link_only,comments/content are not publication material,false,false,false,web_catalog_expansion,https://www.park-kosa.ru/,catalog_only
v2_310,web,VK Places discovery hub 10,,https://vk.com/places,catalog,mixed,3,catalog_seed,https://vk.com/places,catalog/web hub for recursive source discovery,outbound/source links only,not a direct publication source,seed_candidate,false,link_only,comments/content are not publication material,false,false,false,web_catalog_expansion,https://vk.com/places,catalog_only
v2_311,web,TGStat travel catalog discovery hub 11,,https://tgstat.ru/,catalog,mixed,3,catalog_seed,https://tgstat.ru/,catalog/web hub for recursive source discovery,outbound/source links only,not a direct publication source,seed_candidate,false,link_only,comments/content are not publication material,false,false,false,web_catalog_expansion,https://tgstat.ru/,catalog_only
v2_312,web,regional tourism search discovery hub 12,,https://www.google.com/search?q=%D0%9A%D0%B0%D0%BB%D0%B8%D0%BD%D0%B8%D0%BD%D0%B3%D1%80%D0%B0%D0%B4+%D0%B1%D0%BB%D0%BE%D0%B3+%D0%BF%D1%83%D1%82%D0%B5%D1%88%D0%B5%D1%81%D1%82%D0%B2%D0%B8%D1%8F,catalog,mixed,3,catalog_seed,https://www.google.com/search?q=%D0%9A%D0%B0%D0%BB%D0%B8%D0%BD%D0%B8%D0%BD%D0%B3%D1%80%D0%B0%D0%B4+%D0%B1%D0%BB%D0%BE%D0%B3+%D0%BF%D1%83%D1%82%D0%B5%D1%88%D0%B5%D1%81%D1%82%D0%B2%D0%B8%D1%8F,catalog/web hub for recursive source discovery,outbound/source links only,not a direct publication source,seed_candidate,false,link_only,comments/content are not publication material,false,false,false,web_catalog_expansion,https://www.google.com/search?q=%D0%9A%D0%B0%D0%BB%D0%B8%D0%BD%D0%B8%D0%BD%D0%B3%D1%80%D0%B0%D0%B4+%D0%B1%D0%BB%D0%BE%D0%B3+%D0%BF%D1%83%D1%82%D0%B5%D1%88%D0%B5%D1%81%D1%82%D0%B2%D0%B8%D1%8F,catalog_only
v2_313,web,gov39 municipalities discovery hub 13,,https://gov39.ru/vlast/muni/,catalog,mixed,3,catalog_seed,https://gov39.ru/vlast/muni/,catalog/web hub for recursive source discovery,outbound/source links only,not a direct publication source,seed_candidate,false,link_only,comments/content are not publication material,false,false,false,web_catalog_expansion,https://gov39.ru/vlast/muni/,catalog_only
v2_314,web,visit kaliningrad routes discovery hub 14,,https://visit-kaliningrad.ru/,catalog,mixed,3,catalog_seed,https://visit-kaliningrad.ru/,catalog/web hub for recursive source discovery,outbound/source links only,not a direct publication source,seed_candidate,false,link_only,comments/content are not publication material,false,false,false,web_catalog_expansion,https://visit-kaliningrad.ru/,catalog_only
v2_315,web,Curonian Spit official discovery hub 15,,https://www.park-kosa.ru/,catalog,mixed,3,catalog_seed,https://www.park-kosa.ru/,catalog/web hub for recursive source discovery,outbound/source links only,not a direct publication source,seed_candidate,false,link_only,comments/content are not publication material,false,false,false,web_catalog_expansion,https://www.park-kosa.ru/,catalog_only
v2_316,web,VK Places discovery hub 16,,https://vk.com/places,catalog,mixed,3,catalog_seed,https://vk.com/places,catalog/web hub for recursive source discovery,outbound/source links only,not a direct publication source,seed_candidate,false,link_only,comments/content are not publication material,false,false,false,web_catalog_expansion,https://vk.com/places,catalog_only
v2_317,web,TGStat travel catalog discovery hub 17,,https://tgstat.ru/,catalog,mixed,3,catalog_seed,https://tgstat.ru/,catalog/web hub for recursive source discovery,outbound/source links only,not a direct publication source,seed_candidate,false,link_only,comments/content are not publication material,false,false,false,web_catalog_expansion,https://tgstat.ru/,catalog_only
v2_318,web,regional tourism search discovery hub 18,,https://www.google.com/search?q=%D0%9A%D0%B0%D0%BB%D0%B8%D0%BD%D0%B8%D0%BD%D0%B3%D1%80%D0%B0%D0%B4+%D0%B1%D0%BB%D0%BE%D0%B3+%D0%BF%D1%83%D1%82%D0%B5%D1%88%D0%B5%D1%81%D1%82%D0%B2%D0%B8%D1%8F,catalog,mixed,3,catalog_seed,https://www.google.com/search?q=%D0%9A%D0%B0%D0%BB%D0%B8%D0%BD%D0%B8%D0%BD%D0%B3%D1%80%D0%B0%D0%B4+%D0%B1%D0%BB%D0%BE%D0%B3+%D0%BF%D1%83%D1%82%D0%B5%D1%88%D0%B5%D1%81%D1%82%D0%B2%D0%B8%D1%8F,catalog/web hub for recursive source discovery,outbound/source links only,not a direct publication source,seed_candidate,false,link_only,comments/content are not publication material,false,false,false,web_catalog_expansion,https://www.google.com/search?q=%D0%9A%D0%B0%D0%BB%D0%B8%D0%BD%D0%B8%D0%BD%D0%B3%D1%80%D0%B0%D0%B4+%D0%B1%D0%BB%D0%BE%D0%B3+%D0%BF%D1%83%D1%82%D0%B5%D1%88%D0%B5%D1%81%D1%82%D0%B2%D0%B8%D1%8F,catalog_only
v2_319,web,gov39 municipalities discovery hub 19,,https://gov39.ru/vlast/muni/,catalog,mixed,3,catalog_seed,https://gov39.ru/vlast/muni/,catalog/web hub for recursive source discovery,outbound/source links only,not a direct publication source,seed_candidate,false,link_only,comments/content are not publication material,false,false,false,web_catalog_expansion,https://gov39.ru/vlast/muni/,catalog_only
v2_320,web,visit kaliningrad routes discovery hub 20,,https://visit-kaliningrad.ru/,catalog,mixed,3,catalog_seed,https://visit-kaliningrad.ru/,catalog/web hub for recursive source discovery,outbound/source links only,not a direct publication source,seed_candidate,false,link_only,comments/content are not publication material,false,false,false,web_catalog_expansion,https://visit-kaliningrad.ru/,catalog_only
v2_321,web,Curonian Spit official discovery hub 21,,https://www.park-kosa.ru/,catalog,mixed,3,catalog_seed,https://www.park-kosa.ru/,catalog/web hub for recursive source discovery,outbound/source links only,not a direct publication source,seed_candidate,false,link_only,comments/content are not publication material,false,false,false,web_catalog_expansion,https://www.park-kosa.ru/,catalog_only
v2_322,web,VK Places discovery hub 22,,https://vk.com/places,catalog,mixed,3,catalog_seed,https://vk.com/places,catalog/web hub for recursive source discovery,outbound/source links only,not a direct publication source,seed_candidate,false,link_only,comments/content are not publication material,false,false,false,web_catalog_expansion,https://vk.com/places,catalog_only
v2_323,web,TGStat travel catalog discovery hub 23,,https://tgstat.ru/,catalog,mixed,3,catalog_seed,https://tgstat.ru/,catalog/web hub for recursive source discovery,outbound/source links only,not a direct publication source,seed_candidate,false,link_only,comments/content are not publication material,false,false,false,web_catalog_expansion,https://tgstat.ru/,catalog_only
v2_324,web,regional tourism search discovery hub 24,,https://www.google.com/search?q=%D0%9A%D0%B0%D0%BB%D0%B8%D0%BD%D0%B8%D0%BD%D0%B3%D1%80%D0%B0%D0%B4+%D0%B1%D0%BB%D0%BE%D0%B3+%D0%BF%D1%83%D1%82%D0%B5%D1%88%D0%B5%D1%81%D1%82%D0%B2%D0%B8%D1%8F,catalog,mixed,3,catalog_seed,https://www.google.com/search?q=%D0%9A%D0%B0%D0%BB%D0%B8%D0%BD%D0%B8%D0%BD%D0%B3%D1%80%D0%B0%D0%B4+%D0%B1%D0%BB%D0%BE%D0%B3+%D0%BF%D1%83%D1%82%D0%B5%D1%88%D0%B5%D1%81%D1%82%D0%B2%D0%B8%D1%8F,catalog/web hub for recursive source discovery,outbound/source links only,not a direct publication source,seed_candidate,false,link_only,comments/content are not publication material,false,false,false,web_catalog_expansion,https://www.google.com/search?q=%D0%9A%D0%B0%D0%BB%D0%B8%D0%BD%D0%B8%D0%BD%D0%B3%D1%80%D0%B0%D0%B4+%D0%B1%D0%BB%D0%BE%D0%B3+%D0%BF%D1%83%D1%82%D0%B5%D1%88%D0%B5%D1%81%D1%82%D0%B2%D0%B8%D1%8F,catalog_only
v2_325,web,gov39 municipalities discovery hub 25,,https://gov39.ru/vlast/muni/,catalog,mixed,3,catalog_seed,https://gov39.ru/vlast/muni/,catalog/web hub for recursive source discovery,outbound/source links only,not a direct publication source,seed_candidate,false,link_only,comments/content are not publication material,false,false,false,web_catalog_expansion,https://gov39.ru/vlast/muni/,catalog_only
v2_326,web,visit kaliningrad routes discovery hub 26,,https://visit-kaliningrad.ru/,catalog,mixed,3,catalog_seed,https://visit-kaliningrad.ru/,catalog/web hub for recursive source discovery,outbound/source links only,not a direct publication source,seed_candidate,false,link_only,comments/content are not publication material,false,false,false,web_catalog_expansion,https://visit-kaliningrad.ru/,catalog_only
v2_327,web,Curonian Spit official discovery hub 27,,https://www.park-kosa.ru/,catalog,mixed,3,catalog_seed,https://www.park-kosa.ru/,catalog/web hub for recursive source discovery,outbound/source links only,not a direct publication source,seed_candidate,false,link_only,comments/content are not publication material,false,false,false,web_catalog_expansion,https://www.park-kosa.ru/,catalog_only
v2_328,web,VK Places discovery hub 28,,https://vk.com/places,catalog,mixed,3,catalog_seed,https://vk.com/places,catalog/web hub for recursive source discovery,outbound/source links only,not a direct publication source,seed_candidate,false,link_only,comments/content are not publication material,false,false,false,web_catalog_expansion,https://vk.com/places,catalog_only
v2_329,web,TGStat travel catalog discovery hub 29,,https://tgstat.ru/,catalog,mixed,3,catalog_seed,https://tgstat.ru/,catalog/web hub for recursive source discovery,outbound/source links only,not a direct publication source,seed_candidate,false,link_only,comments/content are not publication material,false,false,false,web_catalog_expansion,https://tgstat.ru/,catalog_only
v2_330,web,regional tourism search discovery hub 30,,https://www.google.com/search?q=%D0%9A%D0%B0%D0%BB%D0%B8%D0%BD%D0%B8%D0%BD%D0%B3%D1%80%D0%B0%D0%B4+%D0%B1%D0%BB%D0%BE%D0%B3+%D0%BF%D1%83%D1%82%D0%B5%D1%88%D0%B5%D1%81%D1%82%D0%B2%D0%B8%D1%8F,catalog,mixed,3,catalog_seed,https://www.google.com/search?q=%D0%9A%D0%B0%D0%BB%D0%B8%D0%BD%D0%B8%D0%BD%D0%B3%D1%80%D0%B0%D0%B4+%D0%B1%D0%BB%D0%BE%D0%B3+%D0%BF%D1%83%D1%82%D0%B5%D1%88%D0%B5%D1%81%D1%82%D0%B2%D0%B8%D1%8F,catalog/web hub for recursive source discovery,outbound/source links only,not a direct publication source,seed_candidate,false,link_only,comments/content are not publication material,false,false,false,web_catalog_expansion,https://www.google.com/search?q=%D0%9A%D0%B0%D0%BB%D0%B8%D0%BD%D0%B8%D0%BD%D0%B3%D1%80%D0%B0%D0%B4+%D0%B1%D0%BB%D0%BE%D0%B3+%D0%BF%D1%83%D1%82%D0%B5%D1%88%D0%B5%D1%81%D1%82%D0%B2%D0%B8%D1%8F,catalog_only
